,index,text,sentiment,confidence,pain_points,summary_zh
0,0,"这个酒店硬件还可以,但服务太差.首先酒店任何员工对客人都没有应有的尊重,客人可以被他们呼来呵去,其次...",negative,0.95,"服务差,员工不尊重,check-in慢,check-out慢,房间不干净,投诉无门,隔音差",用户批评酒店服务差，包括员工态度傲慢、入住退房效率低、房间清洁不佳、投诉无门和隔音问题，整体体验负面。
1,1,比超市便宜超级多，不知道是第几次回购了...,positive,0.95,,用户称赞商品价格比超市便宜很多，并表示已多次回购。
2,2,触摸键太敏感.不好用....,negative,0.9,触摸键太敏感,用户反映触摸键过于敏感，导致使用体验不佳。
3,3,价格实惠，味道酸酸甜甜清脆爽口。要买的朋友可以乘活动优惠买喽。...,positive,0.95,,用户认为商品价格实惠，味道酸酸甜甜清脆爽口，并建议其他买家趁活动优惠购买。
4,4,看着不错，还没用，一直在京东买...,neutral,0.6,,用户表示商品外观不错，但尚未使用，并提到习惯在京东购物。
5,5,相信京东！第一次在京东上买水果，感觉还不错。...,positive,0.9,,用户首次在京东购买水果，表示信任京东，整体体验良好。
6,6,今天终于又看了一次《输赢》，第一次看觉得故事情节很吸引人，其他的就没有什么了，但第二次看下来感觉不一...,positive,0.9,,用户对《输赢》的第二次观看体验印象深刻，赞赏书中角色的人生态度和处事哲学，强调生活快乐的重要性。
7,7,入住前临时加担保，竟然必须把原来的订单作废，体验差！...,negative,0.9,"订单处理不便,客服体验差",用户抱怨入住前临时要求担保，导致原订单作废，体验不佳。
8,8,衣服质量不错，款式穿着挺好看的，较为时尚吧，面料不错有质感，穿着舒适很合身帅气，性价比较高价格很实惠...,positive,0.95,,用户对衣服的质量、款式、面料、舒适度和性价比都表示满意，整体评价积极。
9,9,包装很好，不应该抱太大期望，毕竟价格在哪放着呢...,neutral,0.7,,用户认为包装不错，但基于价格因素，对商品整体期望不高。
10,10,质量不错。和我想像中的一样。一次满意的购物。...,positive,0.95,,用户对商品质量满意，购物体验符合预期。
11,11,全部都是坏的，还是到现场店里买吧，网上便宜不了多少，太差...,negative,0.95,质量差,用户反映商品全部损坏，建议到实体店购买，并认为网上价格优势不大，整体评价很差。
12,12,恢复出厂设置还是这样。醉了。玩儿着总弹出来。...,negative,0.9,"系统问题,频繁弹窗",用户反映恢复出厂设置后问题依旧，使用中频繁弹窗，表达不满。
13,13,真的很不错，这个平板很好用...,positive,0.95,,用户对平板电脑表示非常满意，认为很好用。
14,14,苹果很好，买给儿子吃的。物流也很快！...,positive,0.95,,用户对苹果质量和物流速度表示满意，整体好评。
15,15,酒店环境一般，服务有待进一步提高，态度不热情，，距离机场近，去机场方便...,neutral,0.7,"服务态度不热情,环境一般",酒店环境一般，服务态度有待提高，但距离机场近，交通便利。
16,16,分区只有一个C盘，而且没有光驱。备份系统比较麻烦。如果随意分区的话，很可能把备份系统给破坏...,negative,0.8,"分区不便,备份系统麻烦",用户抱怨电脑只有一个C盘且无光驱，导致备份系统操作不便，随意分区可能破坏备份系统。
17,17,好差，洗完头发又养头皮屑走多，根本无法保证是正品，只能用一次，第二次都不想用...,negative,0.95,"质量差,头皮屑问题,正品疑虑,使用效果不佳",用户抱怨产品使用后头皮屑增多，怀疑非正品，且效果差，仅使用一次就不想再用。
18,18,酒店由假日酒店改成了千禧酒店，服务质量还不错，不过专业技能需要进一步提高--可能是有一些新人的原因吧...,positive,0.8,专业技能不足,酒店更名后服务质量不错，但专业技能有待提高，可能因新员工导致，总体评价积极。
19,19,洗完出头屑，这种情况要不要给个说法？...,negative,0.8,质量不佳,用户反映使用后出现头屑问题，要求商家给出解释。
20,20,我是前天去买了这款手机，拿来摆弄两天后，发现这款机子确实不错她几乎包含了市场上中等机所有的功能，且又...,positive,0.9,,用户购买手机后使用两天，认为功能齐全且为彩屏，整体评价积极。
21,21,使用日期都是到2028年的，京东自营的东西真心不错，值得信赖的...,positive,0.95,,用户称赞商品保质期长至2028年，并高度评价京东自营的可靠性和信任度。
22,22,这么多东西，才99元真划算，相信JD，好评...,positive,0.95,,用户认为商品价格划算，对京东表示信任并给予好评。
23,23,此书牵强附会，完全无涉公平问题，纯粹为了炫耀自己的伟大。...,negative,0.9,"内容牵强附会,主题无关",用户批评书籍内容牵强附会，与公平问题无关，认为作者在炫耀自己。
24,24,东西很不错，质量挺好的，穿着挺舒服，很好的一次购物。赞一个...,positive,0.95,,用户对商品质量、穿着舒适度表示满意，并称赞购物体验良好。
25,25,好渣阿第一次穿就起毛还烂了狗血...,negative,0.95,"质量差,起毛,破损",用户抱怨商品质量差，第一次穿就起毛并破损，表达强烈不满。
26,26,火龙果太小了，我在超市买，一斤左右很大的果，这个太小了！要是在超市，我肯定看都不看一眼！失望！！？...,negative,0.95,尺寸不符,用户抱怨火龙果尺寸太小，与超市购买的相比差距大，表示失望。
27,27,什么三鹿蒙牛的都太可怕了 还是从小儿喝的北京自己的三元最靠谱儿...,positive,0.9,,用户表达了对三元品牌的信任和偏好，认为其比三鹿和蒙牛更可靠。
28,28,"本人住过国内外酒店过百家,在珠海都住过好几家,我们4大2小于国庆节入住这家挂牌四星公寓酒店的豪华三人...",neutral,0.7,"设施不豪华,毛巾清洁不专业,床上用品质量普通,保养不足,窗户安全隐患",评论指出酒店环境好、服务态度佳，但设施仅舒适水平，存在毛巾清洁、床上用品质量和窗户安全等问题，硬件最多三星。
29,29,我是经过老师的推荐从网上买的这本书，最近看了几天着重看了一下中小型网络系统方案这块。我觉得这本的好处...,positive,0.95,,用户推荐此书，认为内容逻辑清晰、易于理解，能有效指导实践，从设计到项目完成都很顺利。
30,30,轻便，电池使用时间长，速度也可以，看码率5M以下的h264，720p视频质量尚可。其他功能不错。...,positive,0.9,,用户评论商品轻便、电池续航长、速度不错，视频质量尚可，整体功能表现良好。
31,31,试过了，一般般，还好价格不贵...,neutral,0.7,,用户认为商品表现一般，但价格便宜，整体评价中性。
32,32,儿子六岁。爱看书，这是送给他的六一礼物。中午，看着动画片。我说，妈妈给你买了本书，放在他怀里，走开。...,positive,0.95,,用户表示孩子非常喜欢这本书，作为六一礼物，孩子着迷地反复阅读，享受阅读乐趣，尽管理解可能不完全。
33,33,芭呐呐弗雷喔还有那个棒子的香蕉牛奶都是一个味儿，果汁奶味儿！！！！！我很纳闷为什么蒙牛那个破奶要卖那...,negative,0.9,"价格过高,口味不佳",用户批评蒙牛香蕉牛奶价格昂贵且口味与其他品牌相似，表达后悔购买。
34,34,不是中粮自己生产的啊啊啊，口味质量跟自己生产的有差距啊。是委托加工的。怪不得便宜啊啊啊。还是去对手网...,negative,0.9,"质量不符,非原厂生产",用户抱怨产品不是中粮原厂生产，口味质量有差距，是委托加工的，因此便宜但质量不佳，建议去对手网站购买。
35,35,好像是假货，洗完头皮超痒的。...,negative,0.9,"质量差,使用不适",用户怀疑商品是假货，使用后头皮发痒，表达不满。
36,36,今天下午商业中心看到这只绿色的蒙牛我就像发现新大陆一样大喊大叫 完了之后身边那些派传单的帅锅告诉我这...,neutral,0.6,,用户误将绿色动物认作蒙牛，表达困惑和坚持，但未涉及商品或服务的具体评价。
37,37,地理位置较好，在西街的街头处，购物游览交通都较方便，闹中取静，房间内设施也还可以，虽然离城市中的四星...,positive,0.8,前台处理不当,评论者总体上对酒店的地理位置、设施和旅行体验表示满意，但指出前台在处理订房问题时不够周到，建议酒店改进服务理念。
38,38,抵制蒙牛比抵制日货更靠谱。...,negative,0.9,,用户表达了对蒙牛品牌的抵制态度，暗示负面情感，但未提及具体商品或服务问题。
39,39,自带的VISTA系统比较慢。而且就分了一个区。一个C盘250G.从新回复出厂设置。把C盘调整到40G...,negative,0.9,"系统慢,分区不合理,存储空间丢失",用户抱怨系统运行缓慢、分区设置不合理导致存储空间丢失，建议厂家预先分好区。
40,40,苹果很新鲜，酸甜口味，水分足，我很喜欢吃这样子的苹果，相比我之前在其他店铺买的大一点点，不错！...,positive,0.95,,用户称赞苹果新鲜、酸甜可口、水分充足，尺寸比之前购买的大，整体满意。
41,41,我只想说！！！！用了头皮屑直飞，头痒，我而且是短发！最失败的一次购物！退也不能退了，毕竟用了多了，我...,negative,0.95,"头皮屑增多,头痒,疑似假货",用户使用后出现头皮屑增多和头痒问题，怀疑是假货，表示购物失败且无法退货。
42,42,一直京东 京东购物放心 值得信赖 发货很快 快递员辛苦送货上门...,positive,0.95,,用户对京东购物体验表示满意，称赞其发货快、快递员服务好，整体值得信赖。
43,43,太小了！！绝对从不差评，这次要插评了！...,negative,0.95,尺寸太小,用户抱怨商品尺寸太小，表示通常不差评但这次必须差评。
44,44,很好，送给男朋友的，他说穿起来很舒服。穿起来不会显说走路什么的不舒服，而且物流很快。然后穿起来可以修...,positive,0.95,,用户对商品表示满意，称赞穿着舒适、修身显腿长，并表扬物流快速，表示会再次购买。
45,45,国产的精品 ，非常好用，做工一级棒，使用感觉非常好。...,positive,0.95,,用户称赞商品为国产精品，做工优秀，使用体验非常好。
46,46,珍爱生命远离蒙牛...,negative,0.9,,用户强烈建议避免购买蒙牛产品，表达了对该品牌的负面情感。
47,47,太吵了，6:30就被外面的吵醒了，房间并不是很大，还是商务房呢……...,negative,0.9,"噪音大,房间小",用户抱怨房间噪音大，早上6:30被吵醒，且房间空间较小，不符合商务房预期。
48,48,京东购物比较实惠，物流速度也快。...,positive,0.9,,用户称赞京东购物实惠且物流速度快。
49,49,有点小失落。自己穿起来没那么好看。不在给网上买裤子了。除短裤。...,negative,0.9,尺寸不符,用户对裤子不满意，认为穿起来不好看，表示不再在网上购买裤子（除短裤外）。
50,50,差差差评，买了就便宜，用的特别不好...,negative,0.9,质量差,用户对商品质量非常不满意，认为价格虽便宜但使用体验差。
51,51,我们要了2个房间，一个有阳台一个没有，感觉明显有阳台的房间感觉比较舒服，没阳台的就很压抑。...,neutral,0.6,,用户比较了两个房间，有阳台的房间感觉舒适，没阳台的房间感觉压抑。
52,52,物流很快，包装很好，绝对正品，值得拥有。...,positive,0.95,,用户称赞物流快速、包装完好、商品为正品，整体非常满意。
53,53,宝贝刚刚收到，很不错，颜色、尺寸都刚好，给足全部满5分...,positive,0.95,,用户对商品表示满意，颜色和尺寸都合适，并给予满分评价。
54,54,一个星都无才正对的，差差差！...,negative,0.95,,用户对商品或服务极度不满，表示连一星都不想给，并多次强调差评。
55,55,2007年12月底住的。地方在小路上，司机不一定找得到。屋里霉味极重，房间脏，没热水。第二天他们告诉...,negative,0.95,"霉味重,房间脏,没热水,客服态度差,早餐差,位置难找",用户入住时遇到霉味重、房间脏、没热水等问题，客服态度差且早餐质量低，总体体验很差，建议商家改善。
56,56,"其实挺喜欢的,就是没有坚持看下去,这可能是很多外语不好的人的通病吧...",neutral,0.7,,用户表示喜欢商品，但未坚持使用，可能与外语能力有关。
57,57,淮南金茂国际酒店，在淮南应该算是不错的酒店了，房间里茶几上的淮南地图很有特色，给人一种温馨的感觉。地...,positive,0.9,地理位置偏,评论整体好评，称赞酒店设施温馨、乒乓球房不错，但指出地理位置较偏，出行需打车。
58,58,不咋样啊，，洗了头出来头皮屑就多...,negative,0.9,头皮屑多,用户表示产品效果不佳，使用后头皮屑增多。
59,59,"硬盘声音太响了, 和以前的老光驱里读盘得声音差不多.开始以为是电脑的问题,查了一下,据说很多人都说这...",negative,0.8,"硬盘声音响,价格偏高",用户反映硬盘噪音大，类似老光驱读盘声，且认为价格相比同等配置偏高。
60,60,噪音太大，像素太差，没有说的后1300前500那么高的像素，最多后500-第一次用华为失望，太失望，...,negative,0.95,"噪音太大,像素太差,像素不符",用户对产品噪音大、像素差且与宣传不符表示极度失望，并表达了对华为品牌的不信任。
61,61,16楼新装修的房间有些味道，房间装修得还不错，就是有点小，卫生间的淋浴间是全玻璃的，有点意思，也很大...,positive,0.85,"房间有味道,房间小,卫生间小,硬件较差",评论者称赞酒店地理位置好、服务优秀，但指出房间有装修味道、空间较小，硬件设施稍差。
62,62,一个字差，一看真是无语，便宜没好货无语呀本来一星都不给...,negative,0.95,,用户对商品非常失望，认为便宜没好货，甚至不想给一星评价。
63,63,两个字差评...,negative,0.9,,用户仅用“差评”二字表达不满，未提及具体问题。
64,64,"收到货,布料不太好，给爸爸买的，还没拿回老家给爸爸试穿，不知道能否穿的？...",negative,0.7,布料不好,用户对布料质量表示不满，并提到尚未试穿，不确定是否合身。
65,65,裤子尺寸刚好，很合身。穿得舒服质量不错，裤子版型也很好看！不错！...,positive,0.95,,用户对裤子的尺寸、舒适度、质量和版型都表示满意，整体评价积极。
66,66,多次购买新鲜爽甜，80个头大大个，物流超快，上午9点前下单，下午16点收货...,positive,0.95,,用户多次购买，称赞商品新鲜爽甜、个头大，并表扬物流速度快，下单当天即收货。
67,67,非常不错的平板，只不过一分钱一分货，屏幕触摸需要用点力气...,positive,0.7,屏幕触摸需用力,用户认为平板整体不错，但屏幕触摸需要用力，可能影响使用体验。
68,68,刚收的货，看见包装的那一刻 心已然凉了一截，回家拆开 衣服布料不咋样，做工很粗糙。偏小...,negative,0.95,"包装差,布料差,做工粗糙,尺寸偏小",用户对包装、布料、做工和尺寸均不满意，整体评价负面。
69,69,华为正品，M3很好用，第一次开机连wifi直接升安卓7.0，华为系统优化的比较好。京东服务放心。...,positive,0.95,,用户确认华为M3为正品，系统优化好，升级顺利，并对京东服务表示满意。
70,70,酒店位置很好，出行打车非常方便，很不错的公寓式酒店。特别是行政楼，边吃早餐即可把房退了，很方便，不用...,positive,0.95,,用户称赞酒店位置便利、出行方便，特别是行政楼早餐和退房服务便捷，表示会再次入住。
71,71,蒙牛就是牛?有问题的牛奶就不赔偿?你能怎么样?...,negative,0.9,"质量问题,客服处理不当",用户投诉牛奶有问题且商家不赔偿，表达强烈不满。
72,72,定了两间房，酒店登记太慢，足足等了快一小时。早餐还要排队，又难吃，提了建议也不听。是我住过最差的五星...,negative,0.95,"登记慢,早餐排队,早餐难吃,建议不听,不值价格",用户抱怨酒店登记耗时过长、早餐排队且难吃，提出建议未被采纳，认为这是住过最差的五星酒店，性价比低。
73,73,给妈妈买的*用着还可以，就是说好的送保护套，结果没有，询问客服也是一样没有结果。。。还要花*钱再自己...,negative,0.9,"未送保护套,客服无结果",用户对商品本身使用体验尚可，但商家未按承诺赠送保护套，且客服处理无效，导致用户失望并需额外购买。
74,74,宝贝质量不错，送货神速。快递服务态度很好，而且价钱便宜，品质有保障，京东值得信赖，...,positive,0.95,,用户对商品质量、快递速度、服务态度、价格和京东信誉都表示满意，整体好评。
75,75,回复 太客气了！这么晚了还在服务！…感谢对蒙牛产品的支持...,positive,0.9,,用户感谢客服深夜服务，表达对蒙牛产品的支持。
76,76,“此内容为不实消息，已处理。”就因为蒙牛说不实新浪你就说它不实吗？抵制蒙牛放心奶，辛苦了，2月30日...,negative,0.8,,用户质疑蒙牛产品的不实消息，并表达抵制情绪，暗示对品牌信任度下降。
77,77,距拱北关口步行15分钟可以到达，很方便，酒店豪华标准间太小，卫生间设施有点旧，但是热水充足，在改住0...,neutral,0.7,"房间太小,设施旧,早餐品种不多",评论提到酒店位置便利，但房间小、设施旧，早餐品种有限，不过服务好，热水充足，且通过旅行社预订价格更优。
78,78,裤子质量很好，这个价钱能买到这质量的裤子，真的是超值。做工完美，无论缝线还是质量上都很好。完美的一次...,positive,0.95,,用户对裤子质量和做工非常满意，认为性价比高，是一次完美的购物体验，并表示会再次购买。
79,79,大小的话，还行吧？颜色也好看，吃起来是那种脆脆的！比较甜，没多久就吃完了。所以说还是不错的，有点点小...,positive,0.8,,用户认为苹果大小合适、颜色好看、口感脆甜，整体不错，但价格稍贵，不过与超市相比尚可接受。
80,80,从2004年起每年都会入住或介绍朋友入住，在豪生管理---退出---又接收管理的过程中，明显有不同的...,positive,0.8,硬件设施待改进,评论者长期入住该酒店，认为豪生重新管理后软件服务有进步，但硬件设施需要维护和改进，整体评价为不错的休闲度假酒店。
81,81,一个好的一个坏的，本来给孩子买的，结果怕孩子吃坏了肚子都没敢让吃...,negative,0.8,质量担忧,用户因担心产品质量问题，不敢让孩子食用，表达了对商品的负面评价。
82,82,开始下单时说是22号到货，可是直到23号下午才送到，垃圾产品，假货，我要的是32G的，收到后发现只有...,negative,0.95,"物流延迟,产品虚假,容量不符,客服失联",用户投诉物流延迟、产品为假货且容量不符，联系商家无回应，表达强烈不满。
83,83,一颗心都不想给，并不便宜，主要是苹果是粉的，而且还很小，这个价格希望你们不要在这家买...,negative,0.95,"质量差,尺寸小,价格高",用户对苹果的质量和尺寸不满意，认为价格过高，建议其他买家不要购买。
84,84,感觉价钱非常贵，房间还算干净，就是有股潮湿味道。设备东西都还蛮齐全的。感觉非常不错。早餐挺好的，吃得...,neutral,0.7,"价钱贵,潮湿味道",用户认为价格偏高且房间有潮湿味道，但整体设施齐全、早餐丰盛、周边便捷，体验不错。
85,85,还行还行还行真好真好正品...,positive,0.9,,用户表示商品还行，并强调是正品，整体评价积极。
86,86,很不错，还有弹性，物流也很给力！五星好评！...,positive,0.95,,用户对商品质量和物流服务表示满意，并给予五星好评。
87,87,不给送货却让自己去站点自提，包装差收到货外面都破了，平板连出厂贴膜都没有，平板外观全是指纹和别人用过...,negative,0.95,"物流差,包装破损,平板无出厂贴膜,平板外观指纹,平板疑似二手,无发票,无入网许可证,送货通知晚",用户对送货服务、包装和商品状态（如平板外观、贴膜、发票缺失）表示强烈不满，整体体验差，影响对京东的信任。
88,88,老五星级酒店，358元标房，价格实惠，就是房间电视太小，其他不错。...,positive,0.8,电视太小,用户认为酒店价格实惠，整体不错，但指出房间电视太小。
89,89,镜面效果不错，声音挺小。特别喜欢屏幕前面的网罩那块，同事看了也买了个！...,positive,0.95,,用户称赞镜面效果好、声音小，并特别喜爱屏幕前的网罩，同事也受推荐购买。
90,90,挺垃圾的，没有买的朋友千万不要买了，分辨率超低，像素差，信号弱。...,negative,0.95,"分辨率低,像素差,信号弱",用户强烈批评商品质量差，包括分辨率低、像素差和信号弱，并建议他人不要购买。
91,91,质量差，与图片不符，垃圾...,negative,0.95,"质量差,与图片不符",用户批评商品质量差，与图片不符，表达强烈不满。
92,92,"根本就没发给我,没货了不说一声,随便取消就完了.........",negative,0.95,"缺货未通知,订单随意取消",用户投诉商品未发货，商家未提前通知缺货就随意取消了订单。
93,93,这什么意思，这货都给你们发过去8天了你们是换还是不换，要不把钱退了...,negative,0.9,"客服响应慢,换货处理延迟",用户对换货处理延迟表示不满，要求退款。
94,94,听筒声音好小哦，在屋里面讲电话还可以，在外面听不清楚，急死人了；200W的摄像头，我也没感觉出什么来...,negative,0.85,"听筒声音小,摄像头效果一般",用户反映听筒声音太小，在户外通话不清晰，且摄像头效果一般，未达到预期。
95,95,所谓的大果就是图中我发的拳头那么大。我的手在男人里面还算是偏小的。大家自己比划一下就有概念了，所以老...,negative,0.9,尺寸不符,用户抱怨商品尺寸与描述不符，导致妻子生气，因此给出差评。
96,96,非常不好用，首先洗发和润发的瓶子一样，使用时不好分辨。另外润发的效果非常差，洗完头的第二天，风一吹就...,negative,0.95,"瓶子难分辨,润发效果差,头发打结",用户对产品非常不满意，指出洗发和润发瓶子难以区分，且润发效果差导致头发干枯打结，认为价格与质量不符。
97,97,东西送到 没用我点确认收获 自动提交了 京东是什么玩意 裤子夏天穿可以...,negative,0.8,自动确认收货,用户对京东自动确认收货功能表示不满，但认为裤子适合夏天穿。
98,98,发过来的衣服是有破洞的。需要自己把衣服付运费发过去，由他门判断是不是他们的问题，然后再决定是否给你退...,negative,0.95,"质量差,客服处理不当,退款流程不合理",用户收到有破洞的衣服，对商家质检问题和退款流程表示强烈不满，并失去信任。
99,99,好，很好，非常好。唯一可惜的是同款式颜色不齐全。...,positive,0.9,颜色不齐全,用户对商品非常满意，但指出同款式颜色选择有限。
100,100,性价比很高的一款平板，华为大品牌，值得信赖！...,positive,0.95,,用户称赞平板性价比高，并信任华为品牌。
101,101,佩服京东，这么袖珍的小苹果是在哪里进到的货？还敢说是红富士？当别人都没吃过红富士是吗？那些评价说苹果...,negative,0.95,"尺寸不符,质量不符",用户批评苹果尺寸袖小、品种不符红富士，并质疑好评真实性。
102,102,还能凑活。线头太多...,neutral,0.7,线头太多,用户表示商品勉强可用，但指出线头过多，质量有待改进。
103,103,"触摸板不可用.键盘时好时坏,散热效果不好. 最重要的是,京东商城不给依法办理退货....",negative,0.95,"触摸板不可用,键盘时好时坏,散热效果不好,退货问题",用户反映触摸板不可用、键盘不稳定、散热效果差，且京东商城未依法办理退货，整体体验很差。
104,104,包装完美，赠品也很好一直信赖的产品...,positive,0.95,,用户称赞包装完美、赠品很好，并表示一直信赖该产品。
105,105,1、26万色内屏显示效果一流；2、网络切换方式快捷方便；3、电话本功能齐全；4、外观成熟大方。...,positive,0.95,,用户对产品的显示效果、网络切换、电话本功能和外观设计均表示满意，整体评价积极。
106,106,好差，洗了头皮长豆包，好难受，太假了...,negative,0.95,"质量差,使用后不适",用户抱怨产品差，使用后头皮长痘，感到难受，认为产品虚假。
107,107,还行！外观上和厚度上都蛮满意的...,positive,0.8,,用户对商品的外观和厚度表示满意，整体评价积极。
108,108,通过协程订的。宾馆位置一般，只离苍浪亭近些，从高速下来还算方便。店内环境好，房间空间大，空调不错、洗...,positive,0.95,,用户对宾馆位置一般但交通方便，环境、房间设施和早餐表示满意，尤其喜欢落地窗外的园林景观，整体推荐。
109,109,酒店还好吧，就是一楼的中餐馆上菜速度暴慢。房间里面有电脑，比较方便一些。...,neutral,0.7,上菜速度慢,酒店整体尚可，房间有电脑较方便，但一楼中餐馆上菜速度很慢。
110,110,去**的 13天才到。真尼吗壁的快...,negative,0.95,物流慢,用户抱怨物流速度极慢，13天才送达，表达强烈不满。
111,111,已经对蒙牛这个不负责之国企，彻底失望了！...,negative,0.95,,用户对蒙牛公司表示彻底失望，批评其不负责任。
112,112,才一天就坏了。。。屏幕突然闪不停。...,negative,0.95,"质量差,屏幕故障",用户反映商品仅使用一天就出现屏幕闪烁问题，表示不满。
113,113,这苹果买了多次了，很满意，信任京东...,positive,0.95,,用户多次购买苹果，对商品满意并信任京东平台。
114,114,外观可以，不怎么好用，清晰...,neutral,0.6,不好用,用户认为产品外观不错，但使用体验不佳，清晰度方面可能存在问题。
115,115,东西本身还不错，但是卖家的各种促销活动真是让人呵呵，一次性买了5台，说好的赠品一样也没有，说是赠完为...,negative,0.9,"促销活动问题,赠品缺失,订单处理不当",商品本身尚可，但促销活动混乱，赠品未兑现，且订单处理方式不合理，导致用户不满。
116,116,只能给一分，华为出这么差劲的产品真的是自毁品牌，还世界500强，画面感超级模糊，很卡，电量消耗的特别...,negative,0.95,"画面模糊,卡顿,电量消耗快,尺寸不符",用户对产品非常失望，批评画面模糊、卡顿、电量消耗快，并认为产品尺寸不符，更像宽屏手机而非平板电脑。
117,117,怎么安装，找谁安装呢？...,neutral,0.6,,用户询问商品安装方法和安装服务提供方，未表达明确情感。
118,118,3支装在一个盒里无任何间隔保护，其中的一支已经打开漏出。...,negative,0.9,"包装破损,包装无保护",用户反馈包装无间隔保护，导致其中一支商品已打开并漏出，表达不满。
119,119,好像是假的 和没用一样...,negative,0.9,质量差,用户怀疑商品是假货，并认为其效果不佳。
120,120,发货速度慢！好不容易收到了结果商品还给发错了！！！还得申请换货，来回还得半个多月时间！！！...,negative,0.95,"发货速度慢,商品发错",用户抱怨发货速度慢，且收到错误商品，需要换货，整个过程耗时较长。
121,121,1 跟我以前的ibmx31 比起来键盘键要松，但好像更容易敲 更省力 2 随机的vista也不错啊 ...,positive,0.9,,用户对产品整体满意，称赞键盘易用、配置合理、音视频出色，并表扬京东送货服务，建议给送货员加工资。
122,122,怎么没有吹风机，啊。我买的时候明显有的。...,negative,0.9,商品缺失,用户抱怨购买时商品（吹风机）存在，但实际未收到，表达不满。
123,123,太糟糕，非常糟糕，所有网站图片，广告宣传都是骗人的！房间太宅太小，连热水都还限时供应，争分夺秒地洗澡...,negative,0.95,"房间太小,热水限时供应,客服态度差",用户强烈不满，认为广告虚假，房间太小且热水限时供应，客服处理不当。
124,124,男的搞婚外情，女的红杏出墙。什么玩意 看了上部的一半就看不下去了，作者想通过这么书表达什么不管，但这...,negative,0.95,,用户强烈批判书籍内容，认为其传达对婚姻不忠的态度，并质疑时代价值取向。
125,125,空调是分体式的，声音实在太响了！并且时不时地发出噼啪声，几乎无法入睡。入住时前台实在太不专业，一边在...,negative,0.95,"声音太响,前台不专业,入住手续慢,预授权问题",用户投诉空调噪音大影响睡眠，前台服务不专业导致入住手续缓慢和预授权操作错误。
126,126,有点大了，不过也不错...,neutral,0.6,尺寸偏大,用户认为商品尺寸偏大，但整体评价尚可。
127,127,说送的耳机也没有，说的返利也没有，今天刚收到。不要轻信他们客服，说到的做不到。还不知道质量怎么样。...,negative,0.9,"承诺未兑现,客服不可信",用户抱怨未收到承诺的耳机和返利，并质疑客服诚信，对商品质量表示担忧。
128,128,送货速度很快，大小也适中，水分很足，不错...,positive,0.95,,用户对送货速度、商品大小和水分表示满意，整体评价积极。
129,129,裤子非常好，质量简直没得说。可以推荐大家购买哈哈哈，穿的很舒服。...,positive,0.95,,用户对裤子质量非常满意，穿着舒适，并推荐购买。
130,130,裤子很不错，摸着很舒服，质量特别好，洗了也不掉色。...,positive,0.95,,用户称赞裤子质量好、手感舒适且不掉色，整体非常满意。
131,131,至少我没觉得好看，根本就不吸引我，没什么可笑得，有些词很深辟。书的印刷很不错，内容没介绍的好。...,negative,0.8,"内容不符预期,印刷质量好",用户认为书的内容不够吸引人、不有趣且有些词深奥，与介绍不符，但印刷质量不错。
132,132,酒店的地段好，我们去周围的商务机构办事非常方便；楼下就是置地广场，有LV、gucci...一串高中档...,neutral,0.7,"网络问题,早餐品种少,街道拥挤,窗帘问题",酒店地段好、房间有特色、服务较好，但存在网络连接问题、早餐品种少、街道拥挤和窗帘使用不便等缺点。
133,133,一点都不好，，，洗了很痒，差评...,negative,0.95,质量差,用户表示产品使用后导致皮肤发痒，给出差评。
134,134,真心不咋地 买了屏幕是坏的 虽然是退货了 但是中间也隔了好多天 新机器 一充电屏幕立马失灵 华为的手...,negative,0.95,"屏幕损坏,充电失灵,退货延迟,屏幕通病",用户反映手机屏幕损坏，充电后失灵，退货过程延迟，并指出华为手机屏幕存在通病，整体体验差。
135,135,很好，一直在买...,positive,0.9,,用户表示商品很好，并持续购买，整体评价积极。
136,136,不怎么样！不怎么样！不怎么样！不怎么样！不怎么样！不怎么样！不怎么样！...,negative,0.95,,用户重复表达不满，整体评价非常负面，但未提及具体问题。
137,137,到货了 就穿一次 现在在那扔着呢...,negative,0.8,,用户表示商品到货后只穿了一次，现在闲置不用，暗示不满意。
138,138,17号下的单20号因为急用（朋友生日）所以放弃了赠品杀毒软件，不然提不到货，听说是赠品缺货。...,neutral,0.7,赠品缺货,用户因急用放弃赠品以提货，提及赠品缺货问题。
139,139,jingdong发货速度快，苹果?小了点，但还可以！...,positive,0.8,尺寸小,用户称赞京东发货速度快，但提到苹果尺寸偏小，整体评价积极。
140,140,"内容简单易懂,色彩柔和,教会宝宝日常生活中应有的礼貌,行为等.如玩耍时要学会排队,谦让......",positive,0.95,,用户称赞内容简单易懂、色彩柔和，并认为产品能教会宝宝日常礼貌和行为，如排队和谦让。
141,141,用户评价是电商行业信用体系建设的基础，只有电商平台、商家、消费者三方共同建立一套公开、公正、透明的评...,neutral,0.6,,用户评论包含对电商评价机制的讨论，并提到商品质量还行，整体情感中性。
142,142,不太好用，不知道是不是假的，还生头屑了，第一次发生这事，可怜我买了两盒...,negative,0.9,"质量差,生头屑",用户表示产品不好用，怀疑是假货，并导致头屑问题，对购买两盒感到失望。
143,143,蒙牛笑而不语...,neutral,0.5,,用户评论内容为“蒙牛笑而不语”，情感不明确，无具体商品或服务评价。
144,144,快递非常给力哦，昨天下单今天上午就到了，款式不错，大小正好，质量很好，非常满意...,positive,0.95,,用户对快递速度、款式、尺寸和质量都非常满意，整体评价积极。
145,145,发货和物流都非常快，京东购物信得过，一直用这款洗发水，套装挺超值的，日期到2019年。...,positive,0.95,,用户称赞发货和物流速度快，信任京东，对洗发水套装表示满意，认为超值，并提到产品日期到2019年。
146,146,实际裤子收到的比网上看的颜色深的多。无语了...,negative,0.9,颜色不符,用户反映收到的裤子颜色比网上展示的深很多，表示失望。
147,147,穿一次扔了，各种沾毛，黑变白...,negative,0.9,"沾毛,颜色褪变",用户表示商品仅穿一次就丢弃，因为容易沾毛且黑色褪色变白，质量不佳。
148,148,送给妈妈看剧用的，她说很喜欢...,positive,0.95,,用户购买商品送给妈妈看剧用，妈妈表示很喜欢，整体评价积极。
149,149,货刚到，送货速度非常快，很满意。...,positive,0.95,,用户对送货速度非常满意，整体评价积极。
150,150,京东送货就是快 快递小哥赞? 跟我在商场买的对比了一下 只是页面和瓶上都写的是750ml 实际就是7...,negative,0.8,尺寸不符,用户称赞京东物流快速和快递员服务好，但指出商品页面和瓶身标注750ml，实际只有700ml，存在尺寸不符的问题。
151,151,有烂的混装。。。。。。。。。。...,negative,0.9,质量差,用户反映商品中有损坏或劣质物品混入，表达不满。
152,152,个头细，味道酸、是性价比极差的商品。...,negative,0.95,"个头细,味道酸,性价比差",用户批评商品个头小、味道酸，认为性价比极差。
153,153,一看就是退货过来的，连包装都没有...,negative,0.9,包装缺失,用户抱怨商品疑似退货品且无包装，表达不满。
154,154,不错不错不错不错不错不错不错不错不错不错不错不错不错不错不错不错不错不错不错不错不错不错不错不错不错...,positive,0.95,,用户多次重复“不错”，表达高度满意，无具体问题提及。
155,155,个头儿好小，包装还算严实，希望味道能不错...,neutral,0.6,个头小,用户提到商品个头较小，但包装尚可，并对味道抱有期待。
156,156,苹果尺寸很标准，都不大，口味上跟其它苹果差不多，吃不出来区别...,neutral,0.7,,用户认为苹果尺寸标准但不大，口味与其他苹果相似，无明显区别。
157,157,对从郑州市以外的其他城市前往机场搭早班机的客人是个不错的选择，专车随叫随发，非常方便，房间干净。特别...,positive,0.9,,用户称赞酒店交通便利、房间干净，且骚扰电话问题已改善，整体体验良好。
158,158,毕业那年兴高采烈的满世界投简历，加多宝汇源伊利蒙牛还有好多没记住名字的，投完了当人家要你，如愿以偿的...,neutral,0.6,,用户分享毕业求职经历，表达因距离远而放弃工作机会的遗憾和自责，未提及具体商品或服务。
159,159,不错太棒了 应该是正品 无硅油这款用起来凉凉的 很适合夏天用很舒爽呢 洗完头发也很好闻 樱花的还没试...,positive,0.95,,用户对产品表示满意，认为正品、使用感好、适合夏天，并赞赏618优惠活动，整体购物体验愉快。
160,160,买了两天才打开，发现有划痕找客服退货说是我搞到的。当初说是全网通的手机店说不支持电信卡。只能说后悔买...,negative,0.95,"客服推卸责任,商品划痕,网络支持不符",用户购买手机后发现划痕，客服拒绝退货，且商品网络支持与描述不符，导致无法退货并感到后悔。
161,161,"靠近浦东机场,有免费大巴,就是大巴司机态度让人不爽....",neutral,0.7,司机态度差,评论提到靠近浦东机场和免费大巴服务是优点，但大巴司机态度不佳。
162,162,1、中午快一点到店，说房间没有收拾出来，只好寄存行李出去玩，晚上回到房间满屋烟味，打电话后给调了同型...,negative,0.95,"房间烟味,电视雪花,设施不人性化,浴缸浅,早餐品种少,价格不合理",用户对酒店服务、设施和早餐质量表示强烈不满，包括房间烟味、电视问题、设施不便、浴缸设计缺陷和早餐品种稀少，整体评价负面。
163,163,用了一个星期，很满意！是正品系统流畅分辩率高，给五星好评！！???...,positive,0.95,,用户使用一周后非常满意，确认是正品，系统流畅且分辨率高，给予五星好评。
164,164,"交通:便利的,随便叫辆taxi,肯定知道的;装饰:格调比较深,风格吧.洗浴用品过得去,浴巾显得旧了;...",neutral,0.7,"浴巾旧,早餐差,服务查询不便,门童态度冷淡",评论对交通便利、部分服务和装饰风格表示认可，但指出浴巾旧、早餐质量差、服务查询不便和门童态度冷淡等问题，整体评价中性。
165,165,看起来不错，不过还没有用，打折囤货...,positive,0.7,,用户表示商品看起来不错，因打折而囤货，但尚未使用。
166,166,真心垃圾，耗电特别大。真感觉没设么卵用。...,negative,0.95,"耗电大,功能无用",用户批评产品耗电量大且感觉无用，表达强烈不满。
167,167,做工不好，和实体不匹配，压后摄像头，和听筒...,negative,0.9,"做工不好,和实体不匹配,压后摄像头,和听筒",用户指出做工差、与实体不符，并提到压到后摄像头和听筒的问题。
168,168,酒店位于东方绿舟边缘，环境优美，空气清新。方便之处在于可直接从酒店旁的小路进入东方绿舟园区，无需门票...,positive,0.9,,用户称赞酒店环境优美、空气清新，并特别提到可直接进入东方绿舟园区无需门票，整体体验良好。
169,169,质量不错，值得购买，价钱也实惠...,positive,0.95,,用户认为商品质量好，价格实惠，值得购买。
170,170,"装的是V系统,标配了1G内存,当然不够用了,于是要加内存,心里呼:奸商啊,哈哈....",neutral,0.6,内存不足,用户评论指出标配1G内存不够用，需要额外加内存，并调侃商家为奸商，整体情感偏向中性。
171,171,真心不好，一箱12个小苹果就有3个坏的，京东发货太不负责任了...,negative,0.95,"质量差,发货不负责任",用户抱怨苹果有坏果，并批评京东发货不负责任。
172,172,感觉描述的很肤浅，而且很多词句都是反复来说...,negative,0.8,,用户认为商品描述肤浅且内容重复，表达不满。
173,173,当初就是因为儿子喜欢汽车，加上这本书好评如潮，所以才决定买的。可是买来一个月了，他只翻了一次，就再也...,positive,0.95,,用户最初因儿子兴趣购买此书，初期使用较少，但后来儿子非常喜爱，每天阅读多次，成为家庭图书宝贝，强烈推荐给喜欢汽车的小男孩家庭。
174,174,严重怀疑是假货，和超市买的天壤之别。还有瓶子挤不出洗发水。...,negative,0.95,"质量差,包装问题",用户怀疑商品是假货，与超市购买的有明显差异，且瓶子无法挤出洗发水。
175,175,很满意啊，物流很快，第二天就到了，比超市便宜好多。...,positive,0.95,,用户对商品非常满意，称赞物流速度快且价格比超市便宜。
176,176,京东越来越差，明明有赠品，下单根本没得选择赠品要还是不要，下单出来没有赠品，结果又不是我人为，客服根...,negative,0.95,"客服不作为,网站建设问题,赠品缺失",用户投诉京东网站赠品选项缺失，客服推卸责任且不作为，建议后台人员检讨软件问题。
177,177,收货时不让验货，屏幕实在太差，现在申请退货都一整天了还没人来取件...,negative,0.95,"收货不让验货,屏幕质量差,退货取件慢",用户投诉收货时无法验货，屏幕质量差，且退货申请后取件延迟。
178,178,618和平时促销一个价。有些商品反而加价。618买的 今天才拿到 发了第三次货才拿到。真的无语。...,negative,0.9,"物流慢,发货问题",用户抱怨618促销价格不实，部分商品加价，且物流延迟，多次发货才收到，表达不满。
179,179,用了QQ10元礼券以后，就是那么好奇一下子，看撤单以后这个礼券还能不能用，竟然说，不能用!辛辛苦苦赚...,negative,0.95,"客服响应慢,系统设置不合理",用户因撤单后礼券无法使用且客服周末不上班，表达强烈不满，要求退款并批评系统设计。
180,180,一个不错的酒店，如果不抽烟的话就住4层的无烟客房，适合一家人度假住，我在那里住了4个晚上，当然海滩和...,neutral,0.7,,评论者认为酒店不错，适合家庭度假，但指出海滩和园林不如亚龙湾天域度假酒店漂亮，且缺少吊床等设施。
181,181,整体还不错！性价比高！虽然不大，个头合适吃一个，太大容易浪费～很不错，还没有尝...,positive,0.9,,用户对商品整体满意，认为性价比高，尺寸合适，但尚未品尝。
182,182,裤子超级超级棒，包裹刚到，老公就迫不及待的拆开试穿，大小刚好合适，今天下午洗了也不褪色，价格也很合理...,positive,0.95,,用户对裤子非常满意，称赞大小合适、不褪色、价格合理，并表扬物流快速，表示会再次光顾。
183,183,孩子2岁半，不喜欢，可能大一点会好些...,neutral,0.6,,用户表示孩子不喜欢该商品，但认为可能适合更大年龄的孩子。
184,184,性价比很低，八九百的价格真心不是一个好的选择，只是距离出差的地点近点罢了。...,negative,0.9,性价比低,用户认为商品性价比很低，价格过高，仅因地理位置便利才选择购买。
185,185,很喜欢好用。支持国货，没毛病！物流很给力。...,positive,0.95,,用户对商品表示满意，称赞好用并支持国货，同时表扬物流快速。
186,186,大屏，就是爽，看电影，听歌很好，音质和画质很棒，特意用了几天才来评价，是正品！...,positive,0.95,,用户称赞大屏体验好，音质和画质优秀，确认是正品，整体非常满意。
187,187,差评，一起买的纸巾居然没经过我同意就自动退货了...,negative,0.95,自动退货,用户对未经同意自动退货的纸巾表示不满，给出差评。
188,188,物流特别快，618活动买的，东西特别好！...,positive,0.95,,用户称赞物流快速，商品质量好，对618活动购买表示满意。
189,189,这个火龙果太小，还不新鲜，太坑人，劝后面买的人不要买，谁买谁后悔...,negative,0.95,"尺寸小,不新鲜",用户抱怨火龙果尺寸太小且不新鲜，强烈建议其他买家不要购买。
190,190,洗了头皮超级痒，第二天长很多头屑 绝对不是正品，我在其它地方买起就不会出现这样...,negative,0.95,"质量差,非正品",用户使用后头皮发痒并产生头屑，怀疑商品不是正品，与其它购买体验对比后表示不满。
191,191,以前超市买的，用的挺好的。京东上买的洗了一次，头皮痒得不行，瓶子包装也不太一样，是不是假的啊？...,negative,0.9,"头皮痒,包装不同,疑似假货",用户反映在京东购买的产品使用后头皮发痒，包装与超市购买的不同，怀疑是假货。
192,192,1、待机时间实在是太短了，基本上只能用一天!2、更换电池时，致命的弱点，时间需要重设!3、更要命的是...,negative,0.95,"待机时间短,更换电池时间重设,阳光下屏幕不可见,关机闹钟不响,声音小,大屏幕拨号问题",用户抱怨手机待机时间短、更换电池后时间需重设、阳光下屏幕不可见、关机闹钟不响、声音小以及大屏幕拨号功能问题，整体体验差。
193,193,第一次烧的很快，第二次就开始慢了，总体还不错...,positive,0.7,,用户反映产品第一次使用速度快，第二次变慢，但总体评价不错。
194,194,"不错的酒店,女儿很喜欢,尤其是室外游泳池,很对小孩子的胃口补充点评 2008年8月11日 ： 我定的...",positive,0.9,,用户对酒店整体满意，女儿喜欢室外游泳池，早餐有米老鼠等角色表演，但提到对外国小孩更热情，可能存在服务差异。
195,195,洗了头皮不舒服，痒，不正宗...,negative,0.9,"质量差,不正宗",用户使用后头皮不适、发痒，并认为产品不正宗。
196,196,"都写需要发票,可是都没发票.....连续买的3单都没发票..................",negative,0.9,无发票,用户抱怨连续三单购买都未收到发票，表达了对发票缺失的不满。
197,197,京东无语了，垃圾中的战斗机，买了东西他十天不给发货，强制取消订单还不给退钱...,negative,0.95,"发货慢,退款问题",用户投诉京东发货延迟十天，强制取消订单后未退款，表达强烈不满。
198,198,掉色太厉害了！穿完腿上都是颜料！...,negative,0.95,掉色严重,用户反映商品掉色严重，穿着后腿上沾满颜料，表示不满。
199,199,亲的服务态度挺好的，物流信息超级给力，几天就收到了，卖家也挺好的，裤子质量很不错，很满意的一次购物，...,positive,0.95,,用户对客服态度、物流速度和裤子质量都很满意，表示会再次光顾。
