review_id,category,label_raw,review_text,source_file
R0001,酒店,0,"这个酒店硬件还可以,但服务太差.首先酒店任何员工对客人都没有应有的尊重,客人可以被他们呼来呵去,其次CHECK-IN 和CHECK-OUT 都要半小时以上,强烈BS张灵芳和左瑞雪,效率低下,态度傲慢.第三,房间清洁极不干净.第四,投诉无门,他们不会接受你的投诉更不会有人和你说对不起.第五,酒店主要面向团队,不喜欢商务客人第六,房间隔音极差,隔",online_shopping_10_cats.csv
R0002,洗发水,1,比超市便宜超级多，不知道是第几次回购了,online_shopping_10_cats.csv
R0003,手机,0,触摸键太敏感.不好用.,online_shopping_10_cats.csv
R0004,水果,1,价格实惠，味道酸酸甜甜清脆爽口。要买的朋友可以乘活动优惠买喽。,online_shopping_10_cats.csv
R0005,洗发水,1,看着不错，还没用，一直在京东买,online_shopping_10_cats.csv
R0006,水果,1,相信京东！第一次在京东上买水果，感觉还不错。,online_shopping_10_cats.csv
R0007,书籍,1,今天终于又看了一次《输赢》，第一次看觉得故事情节很吸引人，其他的就没有什么了，但第二次看下来感觉不一样，印象特别深刻的是周锐对生活得态度，以及他做人处事的态度，的确人生是短暂的，事业只是生活的一部分，最重要的反而是如何使自己过得开心快乐。另外就是方威的注重过程还是结果了。,online_shopping_10_cats.csv
R0008,酒店,0,入住前临时加担保，竟然必须把原来的订单作废，体验差！,online_shopping_10_cats.csv
R0009,衣服,1,衣服质量不错，款式穿着挺好看的，较为时尚吧，面料不错有质感，穿着舒适很合身帅气，性价比较高价格很实惠。,online_shopping_10_cats.csv
R0010,水果,1,包装很好，不应该抱太大期望，毕竟价格在哪放着呢,online_shopping_10_cats.csv
R0011,平板,1,质量不错。和我想像中的一样。一次满意的购物。,online_shopping_10_cats.csv
R0012,水果,0,全部都是坏的，还是到现场店里买吧，网上便宜不了多少，太差,online_shopping_10_cats.csv
R0013,平板,0,恢复出厂设置还是这样。醉了。玩儿着总弹出来。,online_shopping_10_cats.csv
R0014,平板,1,真的很不错，这个平板很好用,online_shopping_10_cats.csv
R0015,水果,1,苹果很好，买给儿子吃的。物流也很快！,online_shopping_10_cats.csv
R0016,酒店,0,酒店环境一般，服务有待进一步提高，态度不热情，，距离机场近，去机场方便,online_shopping_10_cats.csv
R0017,计算机,0,分区只有一个C盘，而且没有光驱。备份系统比较麻烦。如果随意分区的话，很可能把备份系统给破坏,online_shopping_10_cats.csv
R0018,洗发水,0,好差，洗完头发又养头皮屑走多，根本无法保证是正品，只能用一次，第二次都不想用,online_shopping_10_cats.csv
R0019,酒店,1,酒店由假日酒店改成了千禧酒店，服务质量还不错，不过专业技能需要进一步提高--可能是有一些新人的原因吧。总体来说不错。,online_shopping_10_cats.csv
R0020,洗发水,0,洗完出头屑，这种情况要不要给个说法？,online_shopping_10_cats.csv
R0021,手机,1,我是前天去买了这款手机，拿来摆弄两天后，发现这款机子确实不错她几乎包含了市场上中等机所有的功能，且又是彩屏机。,online_shopping_10_cats.csv
R0022,洗发水,1,使用日期都是到2028年的，京东自营的东西真心不错，值得信赖的,online_shopping_10_cats.csv
R0023,洗发水,1,这么多东西，才99元真划算，相信JD，好评,online_shopping_10_cats.csv
R0024,书籍,0,此书牵强附会，完全无涉公平问题，纯粹为了炫耀自己的伟大。,online_shopping_10_cats.csv
R0025,衣服,1,东西很不错，质量挺好的，穿着挺舒服，很好的一次购物。赞一个,online_shopping_10_cats.csv
R0026,衣服,0,好渣阿第一次穿就起毛还烂了狗血,online_shopping_10_cats.csv
R0027,水果,0,火龙果太小了，我在超市买，一斤左右很大的果，这个太小了！要是在超市，我肯定看都不看一眼！失望！！？,online_shopping_10_cats.csv
R0028,蒙牛,0,什么三鹿蒙牛的都太可怕了 还是从小儿喝的北京自己的三元最靠谱儿,online_shopping_10_cats.csv
R0029,酒店,1,"本人住过国内外酒店过百家,在珠海都住过好几家,我们4大2小于国庆节入住这家挂牌四星公寓酒店的豪华三人套,现和大家分享一下：好的方面:1.酒店是由几座商品房改造的,外部环境不错,绿树成荫,房间面积大(2房一厅);2.酒店的康乐活动有保龄球,高尔夫球练习场,网球,游泳,等等,(须另外收费);3.酒店的停车方便,而且不收费;4.客房内的食品价格不高，5.服务态度好,服务员会带客人上到房间,并介绍房间设施,入住和退房较快.不好的方面:1. 设施不豪华,只能算舒适,客房内的厨房如要使用另加30元一天,2.客房内毛巾清洁的不够专业,床和床上用品质量普通，3.客房内的保养做的不足,如睡房内的床头灯不能调节光度,4. 如有小孩的,睡房内的窗户打开后一定要小心,因为窗户距床很近,不要让小孩子一个人在床上玩(酒店方面应该要有提示,或将窗户做成只能打开15-20厘米).补充点评 2008年1月11日 ： 总的来说,这个酒店的硬件最多3星水平;最大的好处是周边环境比较好.",online_shopping_10_cats.csv
R0030,书籍,1,我是经过老师的推荐从网上买的这本书，最近看了几天着重看了一下中小型网络系统方案这块。我觉得这本的好处在于：拿过一个方案，他不是蒙着头来说而是引导一个人一步一步的顺着逻辑思路走。给人一条线你就能觉得这条线很直。没有哪么多的坎坷。接下来当我们真正做项目做设计的时候我们也就会很容易很轻松的完成从拓扑图的设计，到项目的成功结束。理论联系实践，实践证实理论。,online_shopping_10_cats.csv
R0031,计算机,1,轻便，电池使用时间长，速度也可以，看码率5M以下的h264，720p视频质量尚可。其他功能不错。,online_shopping_10_cats.csv
R0032,衣服,1,试过了，一般般，还好价格不贵,online_shopping_10_cats.csv
R0033,书籍,1,儿子六岁。爱看书，这是送给他的六一礼物。中午，看着动画片。我说，妈妈给你买了本书，放在他怀里，走开。他瞟了一眼，再看电视。再瞟一眼，再也没有放下。整整一周，出门吃个饭也带着。着迷一般。看了一遍再来一遍。我发现，孩子看书他并没有全部都领悟，但他照样可以乐趣无穷。他有他六岁与众不同的理解。这可是我高中才接触的东东哦。,online_shopping_10_cats.csv
R0034,蒙牛,0,芭呐呐弗雷喔还有那个棒子的香蕉牛奶都是一个味儿，果汁奶味儿！！！！！我很纳闷为什么蒙牛那个破奶要卖那么贵~悔恨我的好奇心~让你馋让你馋让你馋。。。。。。。所以新浪一直不给你红星星！！！！！fuck,online_shopping_10_cats.csv
R0035,水果,0,不是中粮自己生产的啊啊啊，口味质量跟自己生产的有差距啊。是委托加工的。怪不得便宜啊啊啊。还是去对手网站旗舰店买吧。。。。贵点也值啊。。酸啊啊啊啊,online_shopping_10_cats.csv
R0036,洗发水,0,好像是假货，洗完头皮超痒的。,online_shopping_10_cats.csv
R0037,蒙牛,0,今天下午商业中心看到这只绿色的蒙牛我就像发现新大陆一样大喊大叫 完了之后身边那些派传单的帅锅告诉我这是驴不是蒙牛 但我死活不信他真的长得跟蒙牛一样样啊 难不成蒙牛牛奶打广告都会欺骗观众嚒 我不信我不信 他就是蒙牛 我心目中的绿蒙牛 http:t.cn/zjqBF6L,online_shopping_10_cats.csv
R0038,酒店,1,地理位置较好，在西街的街头处，购物游览交通都较方便，闹中取静，房间内设施也还可以，虽然离城市中的四星有些差距，但是在阳朔应该是最好的酒店了。但是心中还是有一些不舒服的地方，因在携程上订房时忘记写订大床间，登记入住时给的双人间，要求前台给予处理时，给到的答复是没有房间，但实际上还是有房间的。因此希望酒店在为客户着想的理念上需要再改善。当地的导游很好客，也很朴实，带我们去的月亮山脚下的“步高门”吃的中午饭，即实惠又好吃，赞。可惜在遇龙河漂流时照的照片遗失了。总的来说，此次旅行很开心，如有时间还会选择再去阳朔。,online_shopping_10_cats.csv
R0039,蒙牛,0,抵制蒙牛比抵制日货更靠谱。,online_shopping_10_cats.csv
R0040,计算机,0,自带的VISTA系统比较慢。而且就分了一个区。一个C盘250G.从新回复出厂设置。把C盘调整到40G.其余的210G找不到了。这个系统还没用习惯。建议厂家直接给用户分好区。,online_shopping_10_cats.csv
R0041,水果,1,苹果很新鲜，酸甜口味，水分足，我很喜欢吃这样子的苹果，相比我之前在其他店铺买的大一点点，不错！,online_shopping_10_cats.csv
R0042,洗发水,0,我只想说！！！！用了头皮屑直飞，头痒，我而且是短发！最失败的一次购物！退也不能退了，毕竟用了多了，我以为事气候原因，才张再等等看！这应该是假货！,online_shopping_10_cats.csv
R0043,洗发水,1,一直京东 京东购物放心 值得信赖 发货很快 快递员辛苦送货上门,online_shopping_10_cats.csv
R0044,水果,0,太小了！！绝对从不差评，这次要插评了！,online_shopping_10_cats.csv
R0045,衣服,1,很好，送给男朋友的，他说穿起来很舒服。穿起来不会显说走路什么的不舒服，而且物流很快。然后穿起来可以修身，显得腿长。下次还要继续买！,online_shopping_10_cats.csv
R0046,平板,1,国产的精品 ，非常好用，做工一级棒，使用感觉非常好。,online_shopping_10_cats.csv
R0047,蒙牛,0,珍爱生命远离蒙牛,online_shopping_10_cats.csv
R0048,酒店,0,太吵了，6:30就被外面的吵醒了，房间并不是很大，还是商务房呢……,online_shopping_10_cats.csv
R0049,水果,1,京东购物比较实惠，物流速度也快。,online_shopping_10_cats.csv
R0050,衣服,0,有点小失落。自己穿起来没那么好看。不在给网上买裤子了。除短裤。,online_shopping_10_cats.csv
R0051,平板,0,差差差评，买了就便宜，用的特别不好,online_shopping_10_cats.csv
R0052,酒店,1,我们要了2个房间，一个有阳台一个没有，感觉明显有阳台的房间感觉比较舒服，没阳台的就很压抑。,online_shopping_10_cats.csv
R0053,洗发水,1,物流很快，包装很好，绝对正品，值得拥有。,online_shopping_10_cats.csv
R0054,衣服,1,宝贝刚刚收到，很不错，颜色、尺寸都刚好，给足全部满5分,online_shopping_10_cats.csv
R0055,衣服,0,一个星都无才正对的，差差差！,online_shopping_10_cats.csv
R0056,酒店,0,2007年12月底住的。地方在小路上，司机不一定找得到。屋里霉味极重，房间脏，没热水。第二天他们告诉我，那间房是从业主那里刚收回来的，没准备好，不应该租给我的。怎么不早说啊。（哦，这里客房、业主、写字全混在一起。一楼你要问事不小心问了物业而不是酒店前台，他们还给你脸色看呢，晕！）我要退房，有位姓李的女经理死活拉着我接着住，赔不是，给我免费升级。你现在态度好，但是你们总体还是很差啊。楼顶的餐厅早饭绝对差，晚饭不知道，地方看起来就很怪，没有人气。总之，千万别住在这里，如果无改善的话！,online_shopping_10_cats.csv
R0057,书籍,0,"其实挺喜欢的,就是没有坚持看下去,这可能是很多外语不好的人的通病吧",online_shopping_10_cats.csv
R0058,酒店,1,淮南金茂国际酒店，在淮南应该算是不错的酒店了，房间里茶几上的淮南地图很有特色，给人一种温馨的感觉。地下一层的乒乓球房，设施不错，住店客人每次10元，练练手很好。其它几方面都可以。唯一的不便——地理位置较偏，出去需要打的。好在淮南的出租车起步价4~5元，便宜！,online_shopping_10_cats.csv
R0059,洗发水,0,不咋样啊，，洗了头出来头皮屑就多,online_shopping_10_cats.csv
R0060,计算机,0,"硬盘声音太响了, 和以前的老光驱里读盘得声音差不多.开始以为是电脑的问题,查了一下,据说很多人都说这是整个本的通病,不影响使用 有点贵,相比同等配置的",online_shopping_10_cats.csv
R0061,平板,0,噪音太大，像素太差，没有说的后1300前500那么高的像素，最多后500-第一次用华为失望，太失望，以后不敢用华为的产品了,online_shopping_10_cats.csv
R0062,酒店,1,16楼新装修的房间有些味道，房间装修得还不错，就是有点小，卫生间的淋浴间是全玻璃的，有点意思，也很大，不过卫生间总体有点小。液晶的电视很赞的说。第一次住这家酒店，以前住金海湾比较多，周边没什么商业，就是风景好。这家的地理位置比较好，周边很繁华，交通也很方便。虽然是四星，硬件上比金海湾要差一点，但是软件服务还是很不错的，对客人的要求相应的比较及时，服务态度和服务意识也很不错，赞一下，以后去烟台还会考虑住在这里。,online_shopping_10_cats.csv
R0063,衣服,0,一个字差，一看真是无语，便宜没好货无语呀本来一星都不给,online_shopping_10_cats.csv
R0064,酒店,0,两个字差评,online_shopping_10_cats.csv
R0065,衣服,0,"收到货,布料不太好，给爸爸买的，还没拿回老家给爸爸试穿，不知道能否穿的？",online_shopping_10_cats.csv
R0066,衣服,1,裤子尺寸刚好，很合身。穿得舒服质量不错，裤子版型也很好看！不错！,online_shopping_10_cats.csv
R0067,水果,1,多次购买新鲜爽甜，80个头大大个，物流超快，上午9点前下单，下午16点收货,online_shopping_10_cats.csv
R0068,平板,1,非常不错的平板，只不过一分钱一分货，屏幕触摸需要用点力气,online_shopping_10_cats.csv
R0069,衣服,0,刚收的货，看见包装的那一刻 心已然凉了一截，回家拆开 衣服布料不咋样，做工很粗糙。偏小,online_shopping_10_cats.csv
R0070,平板,1,华为正品，M3很好用，第一次开机连wifi直接升安卓7.0，华为系统优化的比较好。京东服务放心。,online_shopping_10_cats.csv
R0071,酒店,1,酒店位置很好，出行打车非常方便，很不错的公寓式酒店。特别是行政楼，边吃早餐即可把房退了，很方便，不用上上下下赶。下次还会入住！,online_shopping_10_cats.csv
R0072,蒙牛,0,蒙牛就是牛?有问题的牛奶就不赔偿?你能怎么样?,online_shopping_10_cats.csv
R0073,酒店,0,定了两间房，酒店登记太慢，足足等了快一小时。早餐还要排队，又难吃，提了建议也不听。是我住过最差的五星，根本不值这个价格,online_shopping_10_cats.csv
R0074,平板,0,给妈妈买的*用着还可以，就是说好的送保护套，结果没有，询问客服也是一样没有结果。。。还要花*钱再自己买一个，哎，太失望了,online_shopping_10_cats.csv
R0075,洗发水,1,宝贝质量不错，送货神速。快递服务态度很好，而且价钱便宜，品质有保障，京东值得信赖，,online_shopping_10_cats.csv
R0076,蒙牛,1,回复 太客气了！这么晚了还在服务！…感谢对蒙牛产品的支持,online_shopping_10_cats.csv
R0077,蒙牛,0,“此内容为不实消息，已处理。”就因为蒙牛说不实新浪你就说它不实吗？抵制蒙牛放心奶，辛苦了，2月30日还在加班！ 蒙牛，放心奶。用心做好奶，我们都休息了，还在产奶。@才让多吉,online_shopping_10_cats.csv
R0078,酒店,1,距拱北关口步行15分钟可以到达，很方便，酒店豪华标准间太小，卫生间设施有点旧，但是热水充足，在改住07系列房间（如1607 1107）有很大改观，在当地旅行社了解到，通过他们预定价格在300元，与携程网的350元价格有差异，早餐品种不多够吃，但是服务不错，我们早上7点要出发，没有到早餐开始时间酒店安排打包送到了房间。,online_shopping_10_cats.csv
R0079,衣服,1,裤子质量很好，这个价钱能买到这质量的裤子，真的是超值。做工完美，无论缝线还是质量上都很好。完美的一次购物。下次有需要定再来你家。,online_shopping_10_cats.csv
R0080,水果,1,大小的话，还行吧？颜色也好看，吃起来是那种脆脆的！比较甜，没多久就吃完了。所以说还是不错的，有点点小贵，不过，现在超市里的苹果，也不便宜啊！,online_shopping_10_cats.csv
R0081,酒店,1,从2004年起每年都会入住或介绍朋友入住，在豪生管理---退出---又接收管理的过程中，明显有不同的感受。现在豪生重新管理酒店后在软件服务上有明显的进步，但硬件设施有待好好维护和改进！至于对酒店的评价以前不同时期我都有评过，总的来说在上海市个不错的休闲度假酒店，特别是晚上吹着清新的海风，听着阵阵海潮拍打岸边的声音，会让长期在都市喧嚣中受煎熬的心顷刻安静下来.......,online_shopping_10_cats.csv
R0082,水果,0,一个好的一个坏的，本来给孩子买的，结果怕孩子吃坏了肚子都没敢让吃,online_shopping_10_cats.csv
R0083,平板,0,开始下单时说是22号到货，可是直到23号下午才送到，垃圾产品，假货，我要的是32G的，收到后发现只有26G，再联系商家怎么都联系不上了，发信息不回，太垃圾了！差评！差评！差评！,online_shopping_10_cats.csv
R0084,水果,0,一颗心都不想给，并不便宜，主要是苹果是粉的，而且还很小，这个价格希望你们不要在这家买,online_shopping_10_cats.csv
R0085,酒店,1,感觉价钱非常贵，房间还算干净，就是有股潮湿味道。设备东西都还蛮齐全的。感觉非常不错。早餐挺好的，吃得比较丰盛。周边也挺便捷。,online_shopping_10_cats.csv
R0086,平板,0,还行还行还行真好真好正品,online_shopping_10_cats.csv
R0087,衣服,1,很不错，还有弹性，物流也很给力！五星好评！,online_shopping_10_cats.csv
R0088,平板,0,不给送货却让自己去站点自提，包装差收到货外面都破了，平板连出厂贴膜都没有，平板外观全是指纹和别人用过的一样。特别是送货的服务特差，以后京东的信用都会坏在这样的人手里。现在平板开机用着还可以，就是心里不舒坦毕竟外观明显被别人用过了，也没有发票，以后真不能再相信京东了。后盖也没有入网许可证。送货不光是不给送通知也很晚，上午快递就到了，直到下午才通知。我对这样的服务真是无语了。,online_shopping_10_cats.csv
R0089,酒店,1,老五星级酒店，358元标房，价格实惠，就是房间电视太小，其他不错。,online_shopping_10_cats.csv
R0090,计算机,1,镜面效果不错，声音挺小。特别喜欢屏幕前面的网罩那块，同事看了也买了个！,online_shopping_10_cats.csv
R0091,平板,0,挺垃圾的，没有买的朋友千万不要买了，分辨率超低，像素差，信号弱。,online_shopping_10_cats.csv
R0092,衣服,0,质量差，与图片不符，垃圾,online_shopping_10_cats.csv
R0093,书籍,0,"根本就没发给我,没货了不说一声,随便取消就完了......",online_shopping_10_cats.csv
R0094,衣服,0,这什么意思，这货都给你们发过去8天了你们是换还是不换，要不把钱退了,online_shopping_10_cats.csv
R0095,手机,0,听筒声音好小哦，在屋里面讲电话还可以，在外面听不清楚，急死人了；200W的摄像头，我也没感觉出什么来，照出来效果马马虎虎,online_shopping_10_cats.csv
R0096,水果,0,所谓的大果就是图中我发的拳头那么大。我的手在男人里面还算是偏小的。大家自己比划一下就有概念了，所以老婆很生气，让我给差评。,online_shopping_10_cats.csv
R0097,洗发水,0,非常不好用，首先洗发和润发的瓶子一样，使用时不好分辨。另外润发的效果非常差，洗完头的第二天，风一吹就像干草一样打结，我也真是服了，就是觉得价格贵一定有贵的理由，结果…,online_shopping_10_cats.csv
R0098,衣服,0,东西送到 没用我点确认收获 自动提交了 京东是什么玩意 裤子夏天穿可以,online_shopping_10_cats.csv
R0099,衣服,0,发过来的衣服是有破洞的。需要自己把衣服付运费发过去，由他门判断是不是他们的问题，然后再决定是否给你退运费，不然直接从你的退款里面扣除运费！ 首先，商家自己的质检问题，要麻烦到客户来处理不说，所有的风险全部由客户来承担。球员和裁判都是商家自己，这个如何做到监督与提高？ 反正我是不再信任这个品牌了…说了这么多，大家也就自己评判吧…,online_shopping_10_cats.csv
R0100,衣服,1,好，很好，非常好。唯一可惜的是同款式颜色不齐全。,online_shopping_10_cats.csv
R0101,平板,1,性价比很高的一款平板，华为大品牌，值得信赖！,online_shopping_10_cats.csv
R0102,水果,0,佩服京东，这么袖珍的小苹果是在哪里进到的货？还敢说是红富士？当别人都没吃过红富士是吗？那些评价说苹果个大又好吃的人，你们是京东花银子雇来的吧？,online_shopping_10_cats.csv
R0103,衣服,0,还能凑活。线头太多,online_shopping_10_cats.csv
R0104,计算机,0,"触摸板不可用.键盘时好时坏,散热效果不好. 最重要的是,京东商城不给依法办理退货.",online_shopping_10_cats.csv
R0105,洗发水,1,包装完美，赠品也很好一直信赖的产品,online_shopping_10_cats.csv
R0106,手机,1,1、26万色内屏显示效果一流；2、网络切换方式快捷方便；3、电话本功能齐全；4、外观成熟大方。,online_shopping_10_cats.csv
R0107,洗发水,0,好差，洗了头皮长豆包，好难受，太假了,online_shopping_10_cats.csv
R0108,平板,1,还行！外观上和厚度上都蛮满意的,online_shopping_10_cats.csv
R0109,酒店,1,通过协程订的。宾馆位置一般，只离苍浪亭近些，从高速下来还算方便。店内环境好，房间空间大，空调不错、洗刷设施好，床铺舒适。早餐不错。落地窗外就是一个小小苏州园林空间，虽简单，很好。值得推荐。,online_shopping_10_cats.csv
R0110,酒店,1,酒店还好吧，就是一楼的中餐馆上菜速度暴慢。房间里面有电脑，比较方便一些。,online_shopping_10_cats.csv
R0111,衣服,0,去**的 13天才到。真尼吗壁的快,online_shopping_10_cats.csv
R0112,蒙牛,0,已经对蒙牛这个不负责之国企，彻底失望了！,online_shopping_10_cats.csv
R0113,平板,0,才一天就坏了。。。屏幕突然闪不停。,online_shopping_10_cats.csv
R0114,水果,1,这苹果买了多次了，很满意，信任京东,online_shopping_10_cats.csv
R0115,平板,0,外观可以，不怎么好用，清晰,online_shopping_10_cats.csv
R0116,平板,0,东西本身还不错，但是卖家的各种促销活动真是让人呵呵，一次性买了5台，说好的赠品一样也没有，说是赠完为止，真是搞笑。还有亲们一定要一个一个的下订单，不然你买100个也只会给你算一个活动赠品，而且还会“赠完为止”,online_shopping_10_cats.csv
R0117,平板,0,只能给一分，华为出这么差劲的产品真的是自毁品牌，还世界500强，画面感超级模糊，很卡，电量消耗的特别快，充满能看一部电影就没了，还有根本就不是平板电脑，就是一宽屏手机，以前那种杂牌大屏手机那种,online_shopping_10_cats.csv
R0118,热水器,0,怎么安装，找谁安装呢？,online_shopping_10_cats.csv
R0119,洗发水,0,3支装在一个盒里无任何间隔保护，其中的一支已经打开漏出。,online_shopping_10_cats.csv
R0120,洗发水,0,好像是假的 和没用一样,online_shopping_10_cats.csv
R0121,衣服,0,发货速度慢！好不容易收到了结果商品还给发错了！！！还得申请换货，来回还得半个多月时间！！！,online_shopping_10_cats.csv
R0122,计算机,1,1 跟我以前的ibmx31 比起来键盘键要松，但好像更容易敲 更省力 2 随机的vista也不错啊 习惯就好啦  3 感觉很好  ibm的风范  联想的特点 中国人的胜利 4 大气 配置合理  高清 视频音频均很出色 5 京东的送货的小伙子很可爱  建议给他们加工资,online_shopping_10_cats.csv
R0123,洗发水,0,怎么没有吹风机，啊。我买的时候明显有的。,online_shopping_10_cats.csv
R0124,酒店,0,太糟糕，非常糟糕，所有网站图片，广告宣传都是骗人的！房间太宅太小，连热水都还限时供应，争分夺秒地洗澡！工作人员却一句住客有点多，没热水也没办法！这是什么解决啊？？那其他比这住客还多的，难道都要倒闭吗？？,online_shopping_10_cats.csv
R0125,书籍,0,男的搞婚外情，女的红杏出墙。什么玩意 看了上部的一半就看不下去了，作者想通过这么书表达什么不管，但这种书很容易就传达一种对婚姻不忠的态度，让世人以为这是正常的事情，晕倒。什么和什么嘛。批判强烈批判！这种书也能流行，唉 这时代价值取向真有问题啊。,online_shopping_10_cats.csv
R0126,酒店,0,空调是分体式的，声音实在太响了！并且时不时地发出噼啪声，几乎无法入睡。入住时前台实在太不专业，一边在办理房卡，一边分心做其他事情，只有一位客人办理入住，结果简单的入住手续竟然办了约10分钟之久。入住时双币种信用卡预授权划了美元，向其询问为何不做人民币预授权时，理由时居然说预授权都是用美元的。其实前台没有用银联做人民币预授权，而是用MasterCard做成了美元，实在太不专业了。,online_shopping_10_cats.csv
R0127,衣服,0,有点大了，不过也不错,online_shopping_10_cats.csv
R0128,平板,0,说送的耳机也没有，说的返利也没有，今天刚收到。不要轻信他们客服，说到的做不到。还不知道质量怎么样。,online_shopping_10_cats.csv
R0129,水果,1,送货速度很快，大小也适中，水分很足，不错,online_shopping_10_cats.csv
R0130,衣服,1,裤子非常好，质量简直没得说。可以推荐大家购买哈哈哈，穿的很舒服。,online_shopping_10_cats.csv
R0131,衣服,1,裤子很不错，摸着很舒服，质量特别好，洗了也不掉色。,online_shopping_10_cats.csv
R0132,书籍,0,至少我没觉得好看，根本就不吸引我，没什么可笑得，有些词很深辟。书的印刷很不错，内容没介绍的好。,online_shopping_10_cats.csv
R0133,酒店,1,酒店的地段好，我们去周围的商务机构办事非常方便；楼下就是置地广场，有LV、gucci...一串高中档的专卖店，附近还有一家反斗星玩具店（小朋友多高兴呀）；房间装修有特色，浴室也很宽敞，服务质量较好，不少服务员能听普通话，但也有不少只讲英文的．缺点：不知什么原因，我们带去的两台笔记本都无法上网，还好酒店提供免费使用的笔记本，没有耽误事；中午酒店附近的街上十分拥挤，最好别出门；早餐品种较少；因高楼林立，大大的窗子只能经常拉着窗帘（窗子好象是封死的）。,online_shopping_10_cats.csv
R0134,洗发水,0,一点都不好，，，洗了很痒，差评,online_shopping_10_cats.csv
R0135,平板,0,真心不咋地 买了屏幕是坏的 虽然是退货了 但是中间也隔了好多天 新机器 一充电屏幕立马失灵 华为的手机屏幕是通病 让人捉急啊,online_shopping_10_cats.csv
R0136,热水器,1,很好，一直在买,online_shopping_10_cats.csv
R0137,洗发水,0,不怎么样！不怎么样！不怎么样！不怎么样！不怎么样！不怎么样！不怎么样！,online_shopping_10_cats.csv
R0138,衣服,0,到货了 就穿一次 现在在那扔着呢,online_shopping_10_cats.csv
R0139,计算机,0,17号下的单20号因为急用（朋友生日）所以放弃了赠品杀毒软件，不然提不到货，听说是赠品缺货。,online_shopping_10_cats.csv
R0140,水果,1,jingdong发货速度快，苹果?小了点，但还可以！,online_shopping_10_cats.csv
R0141,书籍,0,"内容简单易懂,色彩柔和,教会宝宝日常生活中应有的礼貌,行为等.如玩耍时要学会排队,谦让...",online_shopping_10_cats.csv
R0142,水果,1,用户评价是电商行业信用体系建设的基础，只有电商平台、商家、消费者三方共同建立一套公开、公正、透明的评价机制，才能长远推动电子商务行业的健康有序发展。    这件宝贝的质量还行。,online_shopping_10_cats.csv
R0143,洗发水,0,不太好用，不知道是不是假的，还生头屑了，第一次发生这事，可怜我买了两盒,online_shopping_10_cats.csv
R0144,蒙牛,0,蒙牛笑而不语,online_shopping_10_cats.csv
R0145,衣服,1,快递非常给力哦，昨天下单今天上午就到了，款式不错，大小正好，质量很好，非常满意,online_shopping_10_cats.csv
R0146,洗发水,1,发货和物流都非常快，京东购物信得过，一直用这款洗发水，套装挺超值的，日期到2019年。,online_shopping_10_cats.csv
R0147,衣服,0,实际裤子收到的比网上看的颜色深的多。无语了,online_shopping_10_cats.csv
R0148,衣服,0,穿一次扔了，各种沾毛，黑变白,online_shopping_10_cats.csv
R0149,平板,1,送给妈妈看剧用的，她说很喜欢,online_shopping_10_cats.csv
R0150,衣服,1,货刚到，送货速度非常快，很满意。,online_shopping_10_cats.csv
R0151,洗发水,1,京东送货就是快 快递小哥赞? 跟我在商场买的对比了一下 只是页面和瓶上都写的是750ml 实际就是700ml,online_shopping_10_cats.csv
R0152,水果,0,有烂的混装。。。。。。。。。。,online_shopping_10_cats.csv
R0153,水果,0,个头细，味道酸、是性价比极差的商品。,online_shopping_10_cats.csv
R0154,洗发水,0,一看就是退货过来的，连包装都没有,online_shopping_10_cats.csv
R0155,计算机,1,不错不错不错不错不错不错不错不错不错不错不错不错不错不错不错不错不错不错不错不错不错不错不错不错不错不错,online_shopping_10_cats.csv
R0156,水果,1,个头儿好小，包装还算严实，希望味道能不错,online_shopping_10_cats.csv
R0157,水果,1,苹果尺寸很标准，都不大，口味上跟其它苹果差不多，吃不出来区别,online_shopping_10_cats.csv
R0158,酒店,1,对从郑州市以外的其他城市前往机场搭早班机的客人是个不错的选择，专车随叫随发，非常方便，房间干净。特别是没有“按摩”的骚扰电话，有助客人安静休息。补充点评 2007年12月22日 ： 先期入住是有骚扰电话，并在携程网上点评，不知是不是因此而有所改善。,online_shopping_10_cats.csv
R0159,蒙牛,1,毕业那年兴高采烈的满世界投简历，加多宝汇源伊利蒙牛还有好多没记住名字的，投完了当人家要你，如愿以偿的时候却异常难过，只能对人家说对不起。因为太远了，离这座城市太远了。也许，注定我就这么怂。,online_shopping_10_cats.csv
R0160,洗发水,1,不错太棒了 应该是正品 无硅油这款用起来凉凉的 很适合夏天用很舒爽呢 洗完头发也很好闻 樱花的还没试用 618优惠活动领券购买送了不少100毫升装 还有迷你的吹风机 总之这次购物很愉快 物美价廉,online_shopping_10_cats.csv
R0161,平板,0,买了两天才打开，发现有划痕找客服退货说是我搞到的。当初说是全网通的手机店说不支持电信卡。只能说后悔买了，退货也退不了，希望大家以后网购需谨慎。像我这种情况就不好了！,online_shopping_10_cats.csv
R0162,酒店,0,"靠近浦东机场,有免费大巴,就是大巴司机态度让人不爽.",online_shopping_10_cats.csv
R0163,酒店,0,1、中午快一点到店，说房间没有收拾出来，只好寄存行李出去玩，晚上回到房间满屋烟味，打电话后给调了同型房间。明知道入住的是一家三口亲子游，还这样安排，初始印象分-1 2、电视很多频道都是雪花，调了几个台都是如此，一点看电视的兴致都没了，-0.5毫不过分 3、房间设施一点不人性化，先说灯，除了总控，还要开灯具开关，晚上起夜，前前后后摁了五六个开关才把灯打开，一点睡意都没了，-0.5不冤吧；再说洗澡，浴缸很浅，站在里面淋浴完后外面地上全是水，只能垫个浴巾之类的跳到房间穿衣，还好我和娃她妈还没老到跳不动。第二天晚上一家三口没一个人有洗澡的兴致，这个-1算客气了吧 4、最后来说早餐，刚进去服务员一把拦住，娃身高超一米二，要全价一百九，虽然肉痛，一想五星级饭店早餐应该值这个价，就去付了，一个男领班模样的带到一边，让付九十现金就可以了。付完了还窃喜占了便宜，等端了盘子找吃的时才发现品种少的可怜。娃之前在四星都能吃到的冰激淋这根本找不到。还没吃完娃就和我们嘟哝，明天打死也不来吃。-1算理智了吧 5、我要这么给您减完了，您估计会以为我挑剔，故意找碴。这么来说吧，稍微让我们满意的就是空调温度了，还有礼宾部寄存行李的服务员了。让我暂时忘却你们是五星级饭店吧，这里给您+0.5 6、没有比较就没有差距，远的不说，这次来北京住五晚，前两天是红杉假日酒店，我给评了4.8，和您比起来，除了地段外，您就没哪项能落了好的。人家酒店刚入住时也说了小孩半价早餐，可觉得过年早餐品种不够丰富，就免了娃的费用。讽刺的是，我们一家尤其是娃觉得红杉的早餐比您这要丰盛可口，唯一遗憾的是那也没冰淇淋。 7、您要是就凭地段就能拉红杉一晚三百的差距，您自个也觉得心安理得。那我提醒您一句：且行且珍惜,online_shopping_10_cats.csv
R0164,平板,1,用了一个星期，很满意！是正品系统流畅分辩率高，给五星好评！！???,online_shopping_10_cats.csv
R0165,酒店,1,"交通:便利的,随便叫辆taxi,肯定知道的;装饰:格调比较深,风格吧.洗浴用品过得去,浴巾显得旧了;服务:订夜宵,能够给予明确的解决方案,让我们叫外卖,不过要自行通过114查询电话似乎有改进的余地;早餐:寒碜2个字.没啥吃的.同时,超过9点的话,几乎没东西可以吃了.和价位类似的酒店例如梅园相比,有很大差距.也是我在类似住房价位吃的最差的一次早餐;其他:check in 的mm值得表扬.携程电话订后10分钟到酒店,酒店尚未收到传真.能够帮我联系携程,而且态度很诚恳.check out的mm中规中矩.门童,出酒店的时候吝啬于说声:先生好再见 再见之类的话语.可能我吹毛求疵?",online_shopping_10_cats.csv
R0166,洗发水,1,看起来不错，不过还没有用，打折囤货,online_shopping_10_cats.csv
R0167,平板,0,真心垃圾，耗电特别大。真感觉没设么卵用。,online_shopping_10_cats.csv
R0168,平板,0,做工不好，和实体不匹配，压后摄像头，和听筒,online_shopping_10_cats.csv
R0169,酒店,1,酒店位于东方绿舟边缘，环境优美，空气清新。方便之处在于可直接从酒店旁的小路进入东方绿舟园区，无需门票。,online_shopping_10_cats.csv
R0170,衣服,1,质量不错，值得购买，价钱也实惠,online_shopping_10_cats.csv
R0171,计算机,0,"装的是V系统,标配了1G内存,当然不够用了,于是要加内存,心里呼:奸商啊,哈哈.",online_shopping_10_cats.csv
R0172,水果,0,真心不好，一箱12个小苹果就有3个坏的，京东发货太不负责任了,online_shopping_10_cats.csv
R0173,书籍,0,感觉描述的很肤浅，而且很多词句都是反复来说,online_shopping_10_cats.csv
R0174,书籍,0,当初就是因为儿子喜欢汽车，加上这本书好评如潮，所以才决定买的。可是买来一个月了，他只翻了一次，就再也不肯看了。我本来以为这套书算是白买了，可最近儿子突然迷上了它，每天都要看两三遍，中午睡觉前和晚上睡觉前，都要看上一小会儿，成了必修课了。当然最爱看的就是《轱辘轱辘转》，他已经不满足我的讲述了，自己一边看着一边用小手指指点点地，一边说着“撞车了”，“轮子破了”，?大嘴巴垃圾车?......等等，那小模样可认真了。这套书成了我们家的图书宝贝。上次只评了两颗星，没办法改了，只好在这里给它一个大大的五星吧！另外我个人建议一下：有小男孩的家庭，年龄在2岁以上，就可以买给孩子看了，尤其是喜欢汽车的男孩子，买它就对了。,online_shopping_10_cats.csv
R0175,洗发水,0,严重怀疑是假货，和超市买的天壤之别。还有瓶子挤不出洗发水。,online_shopping_10_cats.csv
R0176,洗发水,1,很满意啊，物流很快，第二天就到了，比超市便宜好多。,online_shopping_10_cats.csv
R0177,平板,0,京东越来越差，明明有赠品，下单根本没得选择赠品要还是不要，下单出来没有赠品，结果又不是我人为，客服根本就没帮忙向上反应一下，就在推卸超级没责任心，超恶心，本来就是自己网站建设有问题，自己不去试一下，你用手机UC上京东，然后再下单，看看赠品有没有自己加上去，根本就没赠品好不好，垃圾的京东客服根本就不作为，帮忙反一下就少一个受害者，恶心的客服，没用的体制教育出这样的售后。好好检讨一下吧，京东负责软件的后台人员，无能低能这问题都没测试出来,online_shopping_10_cats.csv
R0178,平板,0,收货时不让验货，屏幕实在太差，现在申请退货都一整天了还没人来取件,online_shopping_10_cats.csv
R0179,洗发水,0,618和平时促销一个价。有些商品反而加价。618买的 今天才拿到 发了第三次货才拿到。真的无语。,online_shopping_10_cats.csv
R0180,书籍,0,用了QQ10元礼券以后，就是那么好奇一下子，看撤单以后这个礼券还能不能用，竟然说，不能用!辛辛苦苦赚来的10块钱！！！！竟然就这么被毁了！不还我的钱，就和当当没门！！！！！！竟然还说周六日不上班！还我10元礼券，我接着买东西，不还的话，和你没完！这群猪脑子，系统设置的时候就没有对顾客多考虑过！,online_shopping_10_cats.csv
R0181,酒店,1,一个不错的酒店，如果不抽烟的话就住4层的无烟客房，适合一家人度假住，我在那里住了4个晚上，当然海滩和酒店园林就不如亚龙湾的天域度假酒店的漂亮，三亚湾吊床都没有的，天域就有，三亚湾假日好像俄国人比较多，,online_shopping_10_cats.csv
R0182,水果,1,整体还不错！性价比高！虽然不大，个头合适吃一个，太大容易浪费～很不错，还没有尝,online_shopping_10_cats.csv
R0183,衣服,1,裤子超级超级棒，包裹刚到，老公就迫不及待的拆开试穿，大小刚好合适，今天下午洗了也不褪色，价格也很合理。物流也很给力喔！下次我还来您店光临。嘿嘿~,online_shopping_10_cats.csv
R0184,书籍,0,孩子2岁半，不喜欢，可能大一点会好些,online_shopping_10_cats.csv
R0185,酒店,0,性价比很低，八九百的价格真心不是一个好的选择，只是距离出差的地点近点罢了。,online_shopping_10_cats.csv
R0186,平板,1,很喜欢好用。支持国货，没毛病！物流很给力。,online_shopping_10_cats.csv
R0187,平板,1,大屏，就是爽，看电影，听歌很好，音质和画质很棒，特意用了几天才来评价，是正品！,online_shopping_10_cats.csv
R0188,洗发水,0,差评，一起买的纸巾居然没经过我同意就自动退货了,online_shopping_10_cats.csv
R0189,洗发水,1,物流特别快，618活动买的，东西特别好！,online_shopping_10_cats.csv
R0190,水果,0,这个火龙果太小，还不新鲜，太坑人，劝后面买的人不要买，谁买谁后悔,online_shopping_10_cats.csv
R0191,洗发水,0,洗了头皮超级痒，第二天长很多头屑 绝对不是正品，我在其它地方买起就不会出现这样,online_shopping_10_cats.csv
R0192,洗发水,0,以前超市买的，用的挺好的。京东上买的洗了一次，头皮痒得不行，瓶子包装也不太一样，是不是假的啊？,online_shopping_10_cats.csv
R0193,手机,0,1、待机时间实在是太短了，基本上只能用一天!2、更换电池时，致命的弱点，时间需要重设!3、更要命的是，在阳光下，基本上是看到手机屏幕上的内容!4、关机后，闹钟不响!5、声音实在是太小了，基本上听不见!6、使用大屏幕拔号键，无法拔分机，拔通电话都不知道，是什么时候拔通的!,online_shopping_10_cats.csv
R0194,热水器,0,第一次烧的很快，第二次就开始慢了，总体还不错,online_shopping_10_cats.csv
R0195,酒店,1,"不错的酒店,女儿很喜欢,尤其是室外游泳池,很对小孩子的胃口补充点评 2008年8月11日 ： 我定的旅游套餐包括送早餐,早餐是来了米老鼠,唐老鸭和高飞狗,相当不错.不过,正如前面一位同仁所说,他们对老外的小孩却实特别热情,不能比...",online_shopping_10_cats.csv
R0196,洗发水,0,洗了头皮不舒服，痒，不正宗,online_shopping_10_cats.csv
R0197,洗发水,0,"都写需要发票,可是都没发票.....连续买的3单都没发票...............",online_shopping_10_cats.csv
R0198,平板,0,京东无语了，垃圾中的战斗机，买了东西他十天不给发货，强制取消订单还不给退钱,online_shopping_10_cats.csv
R0199,衣服,0,掉色太厉害了！穿完腿上都是颜料！,online_shopping_10_cats.csv
R0200,衣服,1,亲的服务态度挺好的，物流信息超级给力，几天就收到了，卖家也挺好的，裤子质量很不错，很满意的一次购物，下次还会继续光顾本店的！,online_shopping_10_cats.csv
R0201,蒙牛,1,喝蒙牛未来星，帮助我快乐成长,online_shopping_10_cats.csv
R0202,平板,0,不怎么好,online_shopping_10_cats.csv
R0203,水果,1,很好吃，搞活动还便宜，会再买的,online_shopping_10_cats.csv
R0204,酒店,0,对了，前面的说插钥匙的那东西要拍一下才起作用不新鲜，我每次都是这么做的，最搞笑的是我把卡拔下来了，电还是没有断。楼后面正在施工，推土机，打桩机，汽车，还有工人喊叫声，现场感太强了！夜里也不休息。前台的小组的确是一个个哭丧着脸，跟人家欠她八百吊一样给大堂副理在不同时段打了Ｎ次电话，从来就没人接过．,online_shopping_10_cats.csv
R0205,手机,1,1.精致小巧。2.键盘设计整体表现干净利落整洁。3.影像拍摄清晰细腻。4.内置颇具人性化设计之“化身”程序，可对不同联系人进行设置，这点极具创意。,online_shopping_10_cats.csv
R0206,洗发水,1,太好用了，价格也非常的便宜。,online_shopping_10_cats.csv
R0207,洗发水,0,刚买就降价了，还不给保价，,online_shopping_10_cats.csv
R0208,酒店,0,实话实说，此酒店实在不行，428的套房居然只是一张大床和一张小床，再加个桌子，浴缸没有，热水要好几分钟才能出来，最寒碜的是早餐，早餐是两个馒头，一点点面条，一碗稀饭，我实在想不通凭啥收费这么贵？我把早餐都拍照存档，如果要你们可以实地考察！什么双早，忽悠人呢！,online_shopping_10_cats.csv
R0209,水果,0,第一次买，再也不会有以后了。小的跟我的拳头一样大，有的表面的霉斑都满了。还不如去超市买呢！,online_shopping_10_cats.csv
R0210,洗发水,0,"差评 没货怎么晒图，都没有收到东西发票就给过来了 和买的牙膏开在一张发票上 一个小包裹就只有牙膏，问快递就说要问京东，他那只有一个包裹，问厂商就说问京东，在线推给电话,前天投诉的，结果现在也没帮我解决",online_shopping_10_cats.csv
R0211,平板,0,手机盒没有塑封膜和防伪封标，充电器也没有包装，最主要的是没有使用说明书。手机还能用，也懒得换了。,online_shopping_10_cats.csv
R0212,衣服,0,不好，不好，商品不符，不知道是不是假牌子，我买的二条，订单下的尺码有差距，但店家态度比较好，给个3分。,online_shopping_10_cats.csv
R0213,洗发水,1,非常好用，一直在京东超市买洗发水，物美价廉物流超快！,online_shopping_10_cats.csv
R0214,平板,1,比想象中的大一些，不过握起来手感还是很不错的，期待内部惊喜！,online_shopping_10_cats.csv
R0215,平板,0,刚买的。拿到手拆开有这么大的摔痕。联系客服。告诉我申请换货。。也太坑了还敢相信京东。。。,online_shopping_10_cats.csv
R0216,衣服,0,很薄，软绵绵的，颜色很不符合，不值得,online_shopping_10_cats.csv
R0217,热水器,1,"东西很好,是正品,加热也快",online_shopping_10_cats.csv
R0218,酒店,1,"总体还不错的.房间很大,很干净.价格能再优惠点就好了.",online_shopping_10_cats.csv
R0219,酒店,0,"卫浴设备简陋,没有热水可洗澡,或热水不热",online_shopping_10_cats.csv
R0220,酒店,1,豪门对过生日的客人还是很不错的，有11朵玫瑰，还有一瓶圣彼得堡干红，那张有着很多工作人员签名的贺卡会让你觉得温馨。,online_shopping_10_cats.csv
R0221,酒店,1,比较老的饭店，房间等设施也比较老，服务还是可以的,online_shopping_10_cats.csv
R0222,洗发水,1,感觉很合适呢，一直在京东买，用完还会买的,online_shopping_10_cats.csv
R0223,酒店,0,酒店设备陈旧，服务差劲，还不如二星级水准，更令人郁闷的是我早晨七点半下火车赶到酒店，却被告知要到九点方能入住，否则就要加半天房租。结果为了避免挨冻，多付了250元。结果携程还不算我的结分。真是冤透了。,online_shopping_10_cats.csv
R0224,计算机,0,1噪音有点高（晚上特静时） 2还是稍微有点重 3外壳很容易留下手印 4装XP费了半天劲,online_shopping_10_cats.csv
R0225,手机,1,有“移动”标志。按键很舒服，很有弹性。蓝色键盘灯散发出来的光线也非常漂亮。摄像头具备补光灯，夜拍时可以好好地利用。它的接口比较多，支持红外、蓝牙；还有USB，和电脑上的USB联上，信息就可以共享了,online_shopping_10_cats.csv
R0226,平板,1,第一次京东商城购物，快递超赞?，质量有保证，下次会来。,online_shopping_10_cats.csv
R0227,洗发水,0,假的，超级难用，千万别买，洗了跟没洗一样,online_shopping_10_cats.csv
R0228,洗发水,1,清扬，真的很好用，这么大一个，很实惠。,online_shopping_10_cats.csv
R0229,洗发水,0,跟商场的不一样，感觉这个是打回去重做的,online_shopping_10_cats.csv
R0230,酒店,0,有贵。服务很差。卫生很一般。周边什么都没有,online_shopping_10_cats.csv
R0231,洗发水,0,500ml的给看成750ml，比楼下超市贵……不能忍啊,online_shopping_10_cats.csv
R0232,手机,0,1.显示效果一般。2.只支持无声视频拍摄。3.软体兼容性和运行速度不能令人满意。4.没有提供内置的短信存储空间。5.铃声播放效果实在差强人意。,online_shopping_10_cats.csv
R0233,衣服,1,裤子很不错，很合身，弹性很好，性价比也很好，值得一买！,online_shopping_10_cats.csv
R0234,平板,0,内存卡槽与内存卡不配，卡进去就出不来，换3次卡还是不好，售后说退点钱你自己买张内存卡，结果呢钱也没退，卡也没换，京东购物失败，,online_shopping_10_cats.csv
R0235,酒店,1,优点：1）和汽车站在一个院子内，出行便利2）斜对面就是大排挡一条街，各种小吃和水果一应俱全缺点：服务员态度一般，服务水平有待提高,online_shopping_10_cats.csv
R0236,酒店,1,服务很热情，房间温度正好，隔音效果好，地理位置优越，性价比高，下次来还住这里！,online_shopping_10_cats.csv
R0237,平板,1,很好非常好，,online_shopping_10_cats.csv
R0238,书籍,1,这本书的纸张满好的，插图色彩丰富，配合的文字表面看来浅显简单，内在细细品位满有道理的，平时工作之余看看很能放松心情。虽然写的是孩子的世界的心声，当然我们每个人都是从孩子世界走过来的，这本书似乎又把自己也带回了童年那些浪漫天真而又幼稚可笑的回忆。呵呵，读完好好保存，以后和孩子一起看，也是不错的亲子互动。保持一份纯真和童心是多么美好的一件事情。,online_shopping_10_cats.csv
R0239,洗发水,0,应该是买到假货了，洗过以后头皮还是很痒，跟没洗时差不多,online_shopping_10_cats.csv
R0240,平板,1,东西不错，儿子很喜欢，值得表扬,online_shopping_10_cats.csv
R0241,酒店,1,宾馆无论是外部环境，还是房间里面环境都不错。就是我们同事房间的淋浴房有溢水。一直也没人修。其他真的不错。房间＆浴室都很干净，家具＆洁具也都很干净。就是电视频道太少了。,online_shopping_10_cats.csv
R0242,计算机,1,配置比价均衡，玩一般的游戏应该也撑的住了。硬盘250G的比较大了，可以多放好多东西。网络摄像头130万像素摄像头，读卡器，无线网卡该有的基本上都有了。  独立显卡ATI Mobility Radeon HD 3470 显存容量 独立256MB 算是同价位中比较高的芯片了。 华硕还是挺专业的！,online_shopping_10_cats.csv
R0243,书籍,1,《窗边的小豆豆》写出了一个孩子纯真的童年和质朴的内心世界。也许每个孩子的童年都有类似的想法和心态，但却早早的被所谓的成熟、正确想法给扼杀了。现在的我是个准妈妈，小豆豆给我指明了一条如何正确培养孩子的道路，很感谢《窗边的小豆豆》给我的启迪，很感谢豆豆的童趣，很感谢小林老师的教育模式。,online_shopping_10_cats.csv
R0244,洗发水,1,超划算，在外面这个价连三瓶都买不到，这买了三大瓶，还送了五小瓶，大瓶家里用，小瓶出门用很方便携带，而且小瓶不是按压的，放包里不担心漏，过几天出门拍婚纱照，带一小瓶洗发水一小瓶润发乳，正好够用,online_shopping_10_cats.csv
R0245,酒店,1,是第三次住了，感觉不错，至少是温馨、安全、舒适的，酒店的各场所比较熟，会有主人的感觉。,online_shopping_10_cats.csv
R0246,计算机,1,大小适中，颜色亮丽。性能还算不错，目前同等大小的上网本里配置算偏高的。速度也很快。,online_shopping_10_cats.csv
R0247,手机,0,屏显效果不好，在背景处可以看到有明显的花点，不过字体显示倒是没什么问题。这只机子虽然有外置的扬声器，但是效果不是很好，音量太小了，接耳机听还行,online_shopping_10_cats.csv
R0248,平板,0,很失望32G手机内存打开一看只有23G，为什么！！而且包装里面华为的耳机线也没有！！,online_shopping_10_cats.csv
R0249,洗发水,1,老公喜欢这个牌子 一直都在用 京东快递太给力 喜欢在京东购买 两大瓶加两小瓶很实用 大瓶在家用 小瓶出去旅行用 给赞 多些活动,online_shopping_10_cats.csv
R0250,洗发水,0,洗了全家都头痒，大家看着办,online_shopping_10_cats.csv
R0251,平板,0,差评，用了不到几天，无线网就不能用了，拿去官方售后换机。。。。,online_shopping_10_cats.csv
R0252,水果,1,苹果非常非常新鲜多水。脆脆爽口还带点酸味就像是刚刚摘下来一样?。,online_shopping_10_cats.csv
R0253,酒店,1,"我是看了携程的推荐选择的该酒店. 以往看推荐给我很多帮助.所以这次也把我的感受写下来,希望能给其他人一些帮助.我是四月份入住该酒店的,从大巴车上下来,打车几分种.交通比较方便. 房间在新装修的楼层,装修得非常好!居然还有电脑,可以上网,也可以听音乐.楼层的服务员态度非常好.只是有一点不太舒服的,就是前台的服?",online_shopping_10_cats.csv
R0254,水果,0,这次买的超级不好吃，粉粉的，一点也不脆,online_shopping_10_cats.csv
R0255,水果,0,"全都坏了，三个没一个好的。,真是无语",online_shopping_10_cats.csv
R0256,平板,1,这是第二台m2了，华为的平板质感挺不错的！音质很好！尤其立体声表现较为突出，是听音乐看电影的不错选择！一份钱一份货！希望华为越做越好！支持华为！,online_shopping_10_cats.csv
R0257,手机,1,S800造型是典型滑盖手机造型，外型细部都显得非常顺滑。按键部分布局非常的清晰，按键手感很好，在配合蓝色背景灯光设计，朴实简洁。屏幕区按键区的外部造型非常相似，在手机滑盖关闭的状态下两个部分浑然一体，紧密结合。,online_shopping_10_cats.csv
R0258,衣服,0,衣服褶子太多。不透气。,online_shopping_10_cats.csv
R0259,平板,0,买了三天就降价，联系客服又没人理，这就是京东的服务态度，卖出就不管了，总的说机子问题，给差评是给京东，最低是一个星了，按我应该一个星也不给。,online_shopping_10_cats.csv
R0260,洗发水,0,买的时候没有写着赠送风筒，结果到了的时候就有写～,online_shopping_10_cats.csv
R0261,洗发水,1,总体感觉挺好的，价格虽然不知道和实体超市比怎么样，但是他送上门啊～又囤了一箱！可以喝好久了！,online_shopping_10_cats.csv
R0262,酒店,0,真的不值这么多钱，设施比较老，前台找了好久才找到，唯一的好处就是隔音还不错,online_shopping_10_cats.csv
R0263,酒店,0,前台服务态度差到极点，我要投诉。 我帮爸妈在手机上订的房间。他们想再多续订一晚。前台服务极其不耐烦，烦烦酒店还好整顿一下。 还有去年我退房的时候，前台居然没给我退。后来我打电话过去才退了。真是服了这些前台，强烈要求多辞退些服务不好的工作人员。,online_shopping_10_cats.csv
R0264,水果,1,不错的 挺好吃的 关键是挺便宜的,online_shopping_10_cats.csv
R0265,洗发水,1,真心信赖京东，每次买东西都不会让我失望。连快递盒都是超炫酷的。买了6件套，真的很超值。,online_shopping_10_cats.csv
R0266,热水器,0,跟想象中差太多，我自己买了100多的配件，你们太夸张了，太不满意了,online_shopping_10_cats.csv
R0267,手机,1,好机，好功能。,online_shopping_10_cats.csv
R0268,酒店,1,"第一次入住该酒店,住的是高级单人间,房间不错,干净,整洁.有台式电脑,免费上网.液晶电视也不错,只是遥控器不太方便,有2个,整了半天才明白.只是早餐太差,没有什么令人难忘的回味.酒店服务态度不错.",online_shopping_10_cats.csv
R0269,酒店,0,位置不很方便，周围乱哄哄的，卫生条件也不如其他如家的店。以后绝不会再住在这里。,online_shopping_10_cats.csv
R0270,平板,0,垃圾机子经常黑屏气死人了,online_shopping_10_cats.csv
R0271,衣服,1,裤子到了就试穿了 穿上很好看很合适面料很舒服 特别棒,online_shopping_10_cats.csv
R0272,洗发水,0,正品会是半瓶的吗？我的护发素买来就是半瓶的！大家说说真假吧！,online_shopping_10_cats.csv
R0273,酒店,1,挺不错的，房间很敞亮，没有压抑感，看上去很干净，只是洗澡的地方有点小，不过水很大。,online_shopping_10_cats.csv
R0274,蒙牛,0,在超市看见蒙牛牛奶依然上架感到很奇怪，超市人员说：＂自有人买的。＂对哦，萝卜青菜各有所爱，我不买蒙牛，不代表别人不买。再者说，在中国喝什么牌子的牛奶都没有安全感！,online_shopping_10_cats.csv
R0275,酒店,0,隔音效果非常非常非常的差，睡在房间里象睡在马路边一样，路上声音听的清清楚楚。我还是看了携程上该酒店的点评，采纳网友意见预定了5楼以上的房间。结果还是非常的吵，到晚上12点还是睡不着，只好打开电视以掩盖马路上的车声。不知道几点睡着了，一大早就被车声吵醒，一看表，才早上4点！才4点啊，也就是说就算晚上12点我睡着了，也才睡了4个小时。头疼啊，白天还要工作啊，闭上眼睛努力睡，怎么样也睡不着啊，太吵了。坚持到5：30实在是受不了了，打电话给前台，问有没有安静点的房间可以换，现在不能换晚上换也可以，答曰：没有。盯着天花板熬到6：30，起床。在早餐厅灌了3杯咖啡后，马上去退房。本来是要住三天的，实在是受不了这个吵啊。真不明白这样差的条件怎么在携程上有4.0的评分。另：1.电视播放太复杂，不方便2.服务员服务意识不强，没有为客人着想、以解决问题为本的意识。体现在早餐券、开发票等问题上3、网线太短，大概就20厘米长吧，不能在床上上网4.电源接触不好，电脑电源连到插座上时火花噼里啪啦的冒，当时我想：因为电源问题损坏电脑不知道 酒店赔不赔再次表示疑问：这样的酒店上怎么会有4、0的高分数，,online_shopping_10_cats.csv
R0276,蒙牛,0,蒙牛又要中枪了。,online_shopping_10_cats.csv
R0277,酒店,0,订的一般标准间￥228的，在前台等了十来分钟开好了房间，刚进了房间就被告知开错了，说开成了￥228的（其实就比￥228的多两瓶水，两小袋饼干），紧接着就被服务员赶（是赶，没错）出了房间，问新开的房间呢，服务员一脸的不快，说在开等会送来，又过了十来分钟服务员才又拿了房卡，房间设施吧感觉一般，达不到三星的标准吧，不及我在观音桥住得一些商务酒店，价格还能便宜一些。,online_shopping_10_cats.csv
R0278,计算机,1,蓝牙，WIFI，摄像头，SD读卡器，还有E卡插口扩展。1G内存，250G硬盘。1024*600的标准10?屏分辨率。真是全了。,online_shopping_10_cats.csv
R0279,平板,1,很好，值得信赖,online_shopping_10_cats.csv
R0280,酒店,1,"房间有免费宽带,速度很快.酒店离将军行署很近.想去参观时间又短的人可以选择这里.",online_shopping_10_cats.csv
R0281,衣服,0,东西一般~平时会给好评的~但是看到这京东老板太给力了~也来个差评把,online_shopping_10_cats.csv
R0282,平板,1,好品质值得信赖，配置不错，30-40岁人用起来都容易上手，手机大气，速度快～赞赞赞,online_shopping_10_cats.csv
R0283,书籍,0,书的中间少了好几十页。。。。。。。。。。。。：（要求退货。。。,online_shopping_10_cats.csv
R0284,平板,1,不错的手机，比较流畅，第二次购买了。大屏用着爽。,online_shopping_10_cats.csv
R0285,水果,1,新鲜，实质感不错，共16个，包装很到位，好评推荐……,online_shopping_10_cats.csv
R0286,书籍,1,大量的公式数据，翔实的工程图例，对于设计制造方面非常实用，但是也非常专业……标准的教材类书籍，适合中级以上枪械爱好者，主要适合对于枪械的内部结构、动作原理、部件如何设计定型方面感兴趣的人……需要有一些工程学等方面基础。初级读者和好奇者基本就可以免了，因为基本看不下去或者是因为看不懂而翻不了几页，但是这种书市面上比较难见，况且价格可以接受，所以入手一册也是值得的！,online_shopping_10_cats.csv
R0287,热水器,1,还行。,online_shopping_10_cats.csv
R0288,衣服,0,垃圾东西，和图片上的差别太大,online_shopping_10_cats.csv
R0289,手机,0,短信息容量小，只有15条，平常不得不删除一些有用的短信息！不支持短信群发功能！内置游戏没有意思！没有最常用的GPRS功能！没有JAVA或数据传真功能，无法下载和传输任何音乐和游戏！,online_shopping_10_cats.csv
R0290,平板,1,大小适中，可以TF卡扩容，包装精致，给长辈看个大盘挺好的。,online_shopping_10_cats.csv
R0291,计算机,1,机子配置还好吧，没特殊需求完全够用。正版的红帽子系统还是蛮好的，虽然不常用，但是换换口味也不错。,online_shopping_10_cats.csv
R0292,水果,1,就是这个样子，不介意的人可以买，味道还是可以，就是不新鲜,online_shopping_10_cats.csv
R0293,衣服,0,童话里都是骗人的,online_shopping_10_cats.csv
R0294,平板,1,平板很漂亮，很喜欢，送给宝宝的生日1 ，，，，，，，，，，,online_shopping_10_cats.csv
R0295,酒店,1,性价比较高，我住了一晚之后从乐山回来又续订了两晚，比较满意。,online_shopping_10_cats.csv
R0296,酒店,0,酒店特别提示[2008/02/29 -2008/08/30]酒店对面立交桥改造。携程提供的提示不准确，不是对面立交桥改造，根本就是门口的马路改造，再加上昆明道路好多都禁左，再遇上堵车。。。。。。2008/05/04刚住过，堵死我了。晚上10点从机场走的，开了1个多小时。酒店设施已经老了，要是不修路，到周围转转还行，服务员态度一般，入住的时候都是我自己拿着大包小包，开了房间也没人理，自己上去的。酒店的中餐不好吃，早餐的米线还行，但是品种太少，住了两天，第二天就吃腻了。,online_shopping_10_cats.csv
R0297,计算机,0,键盘手感不太好。 就一个内存插槽。升级到2G内存就会多余一条1G的出来。,online_shopping_10_cats.csv
R0298,酒店,0,交通、饮食太不方便，除非航空公司安排，一般出行别轻易尝试,online_shopping_10_cats.csv
R0299,洗发水,1,以前一直在用，有段时间没用，和其它一比，还是这个好,online_shopping_10_cats.csv
R0300,平板,0,用了不到三个月就屏幕失灵了,online_shopping_10_cats.csv
R0301,洗发水,0,第一次在京东购买沙宣，包装挺高大上的，奇怪的是洗完头就会头痒，是不是假货？,online_shopping_10_cats.csv
R0302,水果,1,感觉苹果包装很精美实用，也没有过度包装。味道，主要是味道，有的特被甜，有的普通甜，,online_shopping_10_cats.csv
R0303,水果,0,有了2个霉橙子，心情不好，想来也不会好吃,online_shopping_10_cats.csv
R0304,衣服,0,质量跟不上，感觉很不值这个价,online_shopping_10_cats.csv
R0305,蒙牛,0,SBSB 抵制蒙牛,online_shopping_10_cats.csv
R0306,衣服,1,做工还可以，买给爸爸和公公的,online_shopping_10_cats.csv
R0307,水果,0,一箱有一半的都是不好的，有碰伤有坏的，个头好小，有点酸不是那么喜欢。,online_shopping_10_cats.csv
R0308,洗发水,1,"好评!真实惠，平时也挺喜欢用清扬的，这次可真的可以用好久了牌子也不错的，拿到快递沉沉的，分量很足好大一箱价格也划算！是正宗的。包装结实，外面还有一层泡沫包装。最重要是比超市便宜呀，下次还来这里购买。这次是很愉快的购物！跟图片上的一模一样,期待店家多做活动.",online_shopping_10_cats.csv
R0309,衣服,1,有点厚，夏天的衣服做的跟冬天的牛仔裤似的,online_shopping_10_cats.csv
R0310,水果,1,外观一般，口感还行，果偏小些.,online_shopping_10_cats.csv
R0311,衣服,0,垃圾不合适没弹性很差，紧紧的好难受大家买就后悔要买去买宽松哦圆领。,online_shopping_10_cats.csv
R0312,水果,1,东西不错 物流牛x 准时送到 下次继续买买买买买买！,online_shopping_10_cats.csv
R0313,水果,1,包装很好，苹果看着很不错，希望好吃。个头大部分都较大。就有两三个挺小的。希望以后注意～京东总不至于缺斤短两吧～～给五星好评吧～,online_shopping_10_cats.csv
R0314,洗发水,0,东西还好，就是京东的物流太差，同时下的订单两件东西发去了两个配送站，还不承认是自己失误，推给客户。算是在京东难得一次不好的体验了，京东的优势就剩下物流了，希望别丢了优势。,online_shopping_10_cats.csv
R0315,平板,0,性能勉强！画质不清晰 充电超级慢，耗电超级快。软件有强退现。买之前一定要选好发票 ，总的来说一般一下。 你们的包裹一万一个吗？寄过来的时候就一个箱子，简单封了一下口。连填充物都没有。下次不敢再京东买了，一次就够了 。,online_shopping_10_cats.csv
R0316,洗发水,1,产品质量好，正品，送货快，服务好，满意的购物。,online_shopping_10_cats.csv
R0317,平板,0,想退货换好点的呢，结果有事耽误了，郁闷。。。。。。。,online_shopping_10_cats.csv
R0318,衣服,1,衣服收到了，质量不错，比想象中的还满意，上身效果非常满意，大小合身,online_shopping_10_cats.csv
R0319,酒店,0,房间外声音太大，比较吵闹！直接到前台预定费用更合理。,online_shopping_10_cats.csv
R0320,水果,0,削了皮都难吃 买了两箱算废了 酸 还水分不足 纤维多 口感不好 郁闷 能退货么,online_shopping_10_cats.csv
R0321,水果,1,苹果很甜 比超市便宜 质量也没的说 快递服务也好,online_shopping_10_cats.csv
R0322,蒙牛,0,呼吁广大想自杀的朋友！请认准蒙牛商标！堪称现代版“砒霜”，谨防假冒！效果看得见！,online_shopping_10_cats.csv
R0323,酒店,0,地点实在太偏僻，设施有点破旧，浴帘霉成那样竟然还在使用。想要借用电吹风，可服务员说没有，原来其他房间都有安装电吹风，就是我住的标房B没有。这样最起码的服务都没有，还不如人家街头小旅馆！补充点评 2007年4月16日 ： 前台服务实在不怎么样，我进酒店的时候一大群前台服务员不知道在讨论什么，愣是没人理我。再说那个早餐，实在难以下咽，路边的早点肯定比它好吃。,online_shopping_10_cats.csv
R0324,平板,0,此 噢。。。。。拿到旧机了。很多使用痕迹。真心烦躁。前不久看1799丢的。我买时候2099亏大发了 但是手机碎了不得不买。结果旧机一个 。什么人什么事情这是。下次还是去官网买了。什么屁 事情。,online_shopping_10_cats.csv
R0325,洗发水,1,送货速度慢，质量看起来还不错，不知道是不是正品,online_shopping_10_cats.csv
R0326,洗发水,0,都不满啊 还说五百毫升 瓶子能装五百 给你倒掉你还有五百啊 坑，，，，，，，,online_shopping_10_cats.csv
R0327,衣服,1,很合适，牛仔裤的布料很好。男朋友很喜欢，值得购买。推荐的码数合适，客服的服务态度良好。好评好评好评~,online_shopping_10_cats.csv
R0328,衣服,1,穿了几天来评价，品质超乎想象，绝对的性价比超高，全棉，非常舒服！,online_shopping_10_cats.csv
R0329,书籍,1,看过很多这方面心智的书了。不过这一本，优美轻柔的文字，带着我身心都离不开了这本书。一个字一个字，如同读教科书般，再仔细地“吃”进去。久违的好书！应该说，居然有这么好的书！我还没有读完，估计会一直珍藏在自己的枕边，随时拿出来拜读，就算是我人生的一本教科书吧。感谢译者，用这么柔美的文字，轻柔地敲开了我的心房。这将是改变我人生的一本书。。。。。。,online_shopping_10_cats.csv
R0330,水果,0,三个火龙果，坏了一对半，啥质量啊?差差差评,online_shopping_10_cats.csv
R0331,洗发水,0,太少了！严重与图？不符！！！,online_shopping_10_cats.csv
R0332,衣服,0,说的是南极人的。可是裤子上没有一个南极人的标志。而且就一个挂标是南极人的。,online_shopping_10_cats.csv
R0333,平板,1,这个价位值得拥有,online_shopping_10_cats.csv
R0334,衣服,0,穿上没有上次的其他款式舒服，真心不满意。,online_shopping_10_cats.csv
R0335,衣服,0,垃圾的商家 垃圾的京东 没有按承诺的发货 买4条比买2条单价贵*条 还严重退色 买4条承诺送2条皮带4双袜子 没有兑现承诺收到只有4条裤子赠品就没有了催了10天才补发赠品 补发的赠品也没有按承诺补发,online_shopping_10_cats.csv
R0336,书籍,1,其实刚开始是从网上的手机电子书看的这本书，因为手机屏幕太亮，伤眼睛，看的也比较马虎。但是其中的爱情故事却是感人的很，好几次都感动的落泪了。看到结尾真的很伤心。好希望老三和静秋能走到一起。虽然悲剧更能然人印象深刻，但我还是希望这个故事是个大团圆结局。唉！希望他们下辈子能走到一起吧。圆我们这些喜爱这本书的读者一个美梦。,online_shopping_10_cats.csv
R0337,洗发水,0,真坑，拿回来洗半个月了，这洗发水，是我用得最差的洗发水了,online_shopping_10_cats.csv
R0338,平板,1,用了十几天特别喜欢。,online_shopping_10_cats.csv
R0339,水果,0,什么破东西 又小又不新鲜 不如市场超市的 太差了 第一次购买 不会再买了 差差差 跟描述不符 根本没有300-350g 太差了,online_shopping_10_cats.csv
R0340,酒店,0,"酒店位置较偏僻，环境清净，交通也方便，但酒店及周边就餐选择不多;浴场海水中有水草,水亦太浅,不太理想;有A2水上运动中心基地,能进行帆板运动，是亮点;酒店设施陈旧、简陋,清洁一般，但房间面积足够大；早餐不好，更糟糕的是因本人去时有旅行团，人较多，接待能力不足，甚至早餐盘简单冲洗后即重复使用，非常不卫生，我夫人当即拒绝早餐，并表示立即退房（本来预订了2天），另外，晚上加个枕头还要收取清洗费，以前未遇到过。",online_shopping_10_cats.csv
R0341,平板,1,送货很快,online_shopping_10_cats.csv
R0342,水果,1,第一买水果遇到几个坏的，无语了,online_shopping_10_cats.csv
R0343,书籍,1,今天读了第八章——时间之箭，文中写道：“未来，不仅仅是可能性，实际上是一种我们现在、此刻就拥有的东西。而我们拥有未来是因为我们现在就能拥有能将我们引向未来的状态：需求、目标以及项目。”“人类优越性又一方面：我们死时丧失得更多。”有时也会思考生命的意义，但每次答案都有所不同。罗兰德从时间的视角来理解生命的问题，把我引入了一个全新的道路，也就是时间之箭——射向未来的箭。,online_shopping_10_cats.csv
R0344,衣服,0,穿多可能会致癌哦 我洗了还几次穿身上那股硫磺的味道 我自己都被熏咳嗽了。 而且这色调 很差,online_shopping_10_cats.csv
R0345,水果,1,自从有了京东，家里两个冰箱每天都是满的，每天一醒来就是烦恼吃什么好，东西太多了。难道这就是幸福的烦恼？,online_shopping_10_cats.csv
R0346,平板,1,很好，很强大，很漂亮，支持国货!,online_shopping_10_cats.csv
R0347,衣服,1,裤子不错，买得很合适！码数很准,online_shopping_10_cats.csv
R0348,洗发水,0,用了一段时间才评价，真假不清楚，但是用完后头痒有头屑,online_shopping_10_cats.csv
R0349,衣服,1,下单之前挺担心的，怕买到不好的，收到货后放心了，裤子挺喜欢的！,online_shopping_10_cats.csv
R0350,平板,0,蛮好的，用起来很方便,online_shopping_10_cats.csv
R0351,平板,1,这个价位，物超所值了，妈妈追剧好装备。,online_shopping_10_cats.csv
R0352,水果,0,东西不怎么样，有几个居然是坏心的，而且也不甜！！！,online_shopping_10_cats.csv
R0353,洗发水,1,那么久才来评价，第二次买了，很好用，很清凉,online_shopping_10_cats.csv
R0354,水果,0,烂苹果，拿两个就烂两个。喂狗都不吃,online_shopping_10_cats.csv
R0355,衣服,1,裤子大小刚刚合适，颜色无色差，款式也比较时尚，下次继续购买！,online_shopping_10_cats.csv
R0356,平板,1,给爸妈买的，大小合适，携带方便，价格实惠,online_shopping_10_cats.csv
R0357,衣服,0,差，太差，朋友很生气,online_shopping_10_cats.csv
R0358,水果,1,已经多次购买潘苹果了，感觉不错的,online_shopping_10_cats.csv
R0359,书籍,1,体检时查出我有轻度脂肪肝，按书里的说法，这是肝脏周围堆积了内脏脂肪引发的。平时工作忙，早餐几个包子就打发了，中午是工作餐，热量高又没什么营养，晚上常常陪客户吃饭。饮食既不健康又不规律，内脏脂肪就会积聚在体内，自然会有轻度脂肪肝了。书里介绍了内脏脂肪的自查方法，还有许多减去内脏脂肪的建议，很实用，我决定采纳适合自己的建议和方法。,online_shopping_10_cats.csv
R0360,衣服,0,太垃圾 双11买的 等了25天 店家理也不理 牛逼要死 京东就这样,online_shopping_10_cats.csv
R0361,水果,0,不值这个价，拿出来没有苹果香，一股药水味,online_shopping_10_cats.csv
R0362,衣服,0,新的裤子口袋竟然带个破的洞，不过这价钱也懒的退了！,online_shopping_10_cats.csv
R0363,平板,0,东西还可以，可是买回来给老婆骂了一顿，所以没办法了,online_shopping_10_cats.csv
R0364,衣服,1,班尼路/Baleno夏男装 纯棉圆领短袖t恤男 小清新韩版潮流纯色体恤 01W漂白 XL班尼路/Baleno夏男装 纯棉圆领短袖t恤男 小清新韩版潮流纯色体恤 01W漂白 XL班尼路/Baleno夏男装 纯棉圆领短袖t恤男 小清新韩版潮流纯色体恤 01W漂白 XL班尼路/Baleno夏男装 纯棉圆领短袖t恤男 小清新韩版潮流纯色体恤 01W漂白 XL班尼路/Baleno夏男装 纯棉圆领短袖t恤男 小清新韩版潮流纯色体恤 01W漂白 XL,online_shopping_10_cats.csv
R0365,洗发水,0,怀疑是否买到是假货 洗后头发打结 发质粗硬 望京东检测,online_shopping_10_cats.csv
R0366,洗发水,0,替人买的，结果充气包不够多，收货时壶口管子已经断了。但是京东售后立马补偿了500京豆。,online_shopping_10_cats.csv
R0367,水果,1,苹果不错，吃起来很甜，大小每一个都差不多，我是吃了才发表的，给五星好评。,online_shopping_10_cats.csv
R0368,衣服,0,不行里布还有烂的,online_shopping_10_cats.csv
R0369,水果,1,还不错，大小是我想要的那种，苹果含的营养价值太高了，每天一个苹果，护心的。味道真的很不错，这个价位挺值的了，你去超市买也得提回来，京东送货特别省事。,online_shopping_10_cats.csv
R0370,酒店,1,房间非常不错，价格也合理。下次去还会入住这里。,online_shopping_10_cats.csv
R0371,酒店,0,广州去贵州，虽然在市区！但性价比真xx低！ 1.2014年装修，只是部分装修，仍然大部分旧设施 2.最普通的房子还打着“豪华标准房”！！顶多就是普通标准房！ 3.早餐坑你没话说！还……68一个人！！ 4.携程网根本不调查下真实性！！装修情况根本不符合⊙▽⊙ 一个字！坑！ 宁愿找后街的贵山大酒店,online_shopping_10_cats.csv
R0372,衣服,1,很赞的裤子，料子也很好，质感非常棒，下次还会再来！,online_shopping_10_cats.csv
R0373,平板,0,这颗心都是给物流的。手机要多差劲有多差劲。刚买半天就出问题。WiFi打不开。恢复了出厂设置也不行。我都怀疑是翻新的。,online_shopping_10_cats.csv
R0374,平板,0,不用华为应用市场下载的软件都安装不了，恶心真恶心，我花钱买的东西我还做不了主，,online_shopping_10_cats.csv
R0375,酒店,1,五一住了这里，作为三星级硬件还可以。前台经理赞一个，我们一行在隔壁吃饭，发票中了奖，但饭馆就是不肯帮我们兑，态度也很无理。我们将此事说与宾馆，前台张颖经理说帮我们处理，并为我们邮回北京，虽然钱还没收到，但是我们心里很愉快，毕竟这种专业的责任意识与服务意识，在中华大地是值得提倡的。,online_shopping_10_cats.csv
R0376,书籍,1,小说：青春万岁，活动变人形，恋爱的季节，变态的季节，踌躇的季节，狂欢的季节，青狐，应该称之为自传体小说吧？是小说，人物与真实贴近，呼之欲出，似乎又担心熟人对号入坐，更怕读者不明戏，书中的谁谁谁，就是现实中的谁谁谁。传记，这该直呼其人了吧？偏偏又欲说还休，深藏不露，打哑谜，把一大群读者打入闷荫芦，乃至打了赌：谁人能将书中的事与现实挂起钩来，揭破谜底，作者还有奖呢！高手？,online_shopping_10_cats.csv
R0377,衣服,0,这个裤和图上有差距，比较垃圾！,online_shopping_10_cats.csv
R0378,衣服,0,无语，怎么会颜色，尺码，姓名都搞错呢，新来的吧,online_shopping_10_cats.csv
R0379,洗发水,0,绝对不是正品。很后悔买这个。很假,online_shopping_10_cats.csv
R0380,手机,0,"同志们,买这款手机时一定要慎重,我元旦在公主坟中复电讯刚买一部,昨日系统就出故障了.另外该手机闹钟闹铃时你不关闭,它一直持续响铃.由于使用时间短,其他缺点还没发现.",online_shopping_10_cats.csv
R0381,衣服,1,非常好，穿着十分舒服，而且保暖，这个价钱买到这种东西真的是太值了，希望下次在这个店铺还能买到这么好的东西，配送速度和服务态度非常好，不要再犹豫了，买到就是赚到。,online_shopping_10_cats.csv
R0382,衣服,1,买的时候以为很厚其实很薄，裤子有点偏大 一般穿31码刚刚好,online_shopping_10_cats.csv
R0383,水果,1,这个是有运费的。统一6元。重庆本地次日达。我是自己领了个券省了6块。真的很划算。苹果个头均匀。外观完整。并且京东的客服是值得称赞的，有坏掉的苹果也会立即处理。当然，苹果又香又脆。稍微有点点酸。可是刚好我喜欢。哈哈。并且收货之后，没有发现有碰损的，这点比其它强多了。生鲜这一块的确要考虑的因素太多，希望能够越来越好，我也会继续支持。,online_shopping_10_cats.csv
R0384,洗发水,1,个人比较喜欢清扬这个牌子的，这次刚好有活动，一次买了这个套装的，还送了吹风机，喜欢！！,online_shopping_10_cats.csv
R0385,酒店,1,这家YMCA非常好，还主动帮我们升级房间，住起又棒又舒适，地点也很方便，服务又好，号称香港物美价优第一流的YMCA，值得大家推荐。,online_shopping_10_cats.csv
R0386,书籍,1,前几天刚拿到这套书，感觉真的很不错。里面的故事贴近孩子的生活iz。我的女儿2岁7个月了，一拿到书，她就一直要我给她讲。每个故事都能带给我们不一样的感受。刚刚看完《弗洛格找宝藏》这本书，宝宝就一直在学着里面的对话。“喂，谁在里面呀？我们被困住了。”有的时候她还会学着弗洛格说，我很难过，要我来安慰她。这一套书真的可以让孩子感受到真正的友情，里面的对话也很适合孩子模仿。,online_shopping_10_cats.csv
R0387,酒店,1,很不错的度假酒店，强烈推荐一下，真希望能多住几天，就是房价贵了些！,online_shopping_10_cats.csv
R0388,洗发水,1,没啥泡泡呀，难道我打开方式不对吗,online_shopping_10_cats.csv
R0389,洗发水,1,不错 很大的一瓶 可以去用很久了,online_shopping_10_cats.csv
R0390,酒店,0,4月25日，经携程预订，入住四川宾馆西楼。到达后前台的服务员说查不到有预订，但是依然顺利地办理了入住，因为前台的价格跟携程的价格是一样的。这个宾馆不太好找，四川宾馆分主楼，南楼，西楼，三个楼相距甚远，出租车绕了半天才找到。之所以选择这里，是因为在网上看大家评价还比较高，而且说比较安静，离商业区又近。可是晚上问题来了，我的房间是临街的，楼下有一群人在夜市喝酒，房间的玻璃严重不隔音，一直吵到三点才作罢，睡得很不好。第二日去峨嵋山，27日返回，依然打算住这里，因为房间的设施还算是比较干净的。特意跟前台强调要一间朝里的安静的房间，可是没想到，新的更大的问题又出现了，房间外有空调或是锅炉的轰鸣声，吵得人耳朵极不舒服，更不用说睡觉了。忍受到十二点，打电话去前台询问，后被告知是空调的声音，但是本酒店的空调已经关了，而旁边另一家酒店的空调机依然在响，他们也没办法。主动提出给换一间房，没办法，只好把摊开的东西一一收拾，再换到临街的一个房间。这次倒还好，楼下没有人吵闹，可是卫生间返味儿，满屋子都是一股臭味儿，实在不想再折腾了，把妈妈带着的香皂放在床头，稍微抵挡一下。唉，总之，这次川宾西楼住的很不舒服，一号返回到成都还需要再住两 日，这次绝对不能再接着住了，换宾馆！,online_shopping_10_cats.csv
R0391,手机,0,不知如何下载铃声！录音时间太短，基本不用这功能！外面那个摄像头也没有个保护来的！不知是不小心碰得还是寿命己至，用了不到半年，居然开始死机！售后点修了，人家说是“摔过”！晕！花了钱修好，我就当时四百元钱卖给街上的二手收机者了！,online_shopping_10_cats.csv
R0392,计算机,1,超低的价格，一开始还有点不太相信，比中关村报价还低那么多，等拿到货以后才知道一切都是真的。,online_shopping_10_cats.csv
R0393,计算机,1,1、字体并没有那么小，10寸只是页面上显示的东西少了，字体没变小 2、轻便，速度也不错 3、硬盘够大,online_shopping_10_cats.csv
R0394,蒙牛,0,"蒙牛,太恶劣了!抵制!",online_shopping_10_cats.csv
R0395,计算机,0,亚运村提货点电话一直不通，真的不好找那地方，还有客服态度不好！,online_shopping_10_cats.csv
R0396,计算机,0,是否送鼠标和是否内置麦克风事先不说明，客服咨询部分客服回答也有些不负责任。。。害得我多买了一个鼠标和耳麦。。。,online_shopping_10_cats.csv
R0397,水果,1,很好很好很好的大家买吧下次还来,online_shopping_10_cats.csv
R0398,手机,0,待机时间太短，两天就要充一次，好朋友都笑话我，她说她那个手机一个星期充一次就够了；我手机要是那样，多方便啊！D6300虽然有录音功能，但时间太短了，不实用！,online_shopping_10_cats.csv
R0399,洗发水,1,性价比高，主要是京东这个平台能让人放心购，支持京东,online_shopping_10_cats.csv
R0400,水果,1,谁能告诉我这个迷你苹果从哪里来的，说好的80mm呢，这比它同伴小了一倍了，买了7份，这样打包货物不太好吧，快递小哥直接搬过来了，值得表扬，但这东西以后能不能不放这幺小的了，看了这图，卖家都不能给自己好评吧,online_shopping_10_cats.csv
R0401,洗发水,0,包装太差，收到的时候盖子已经弹开了,online_shopping_10_cats.csv
R0402,衣服,1,裤子质量超级好穿起来很舒适，洗了也不担心掉色哦！牛仔裤还是要选择不掉色的好！全五分好评！满意的一次购物！,online_shopping_10_cats.csv
R0403,平板,0,刚刚用了一个月，昨天玩王者，忽然间右下角技能点了没反应了，我就退出重新登录了一次还是不行，再登录一次后才又好了，我以为是小毛病就没管，因为后面又玩了几把都正常所以没再管，今天刷朋友圈，朋友发的短视频打开居然卡帧了，这把我恼的！看来华为的平板质量真不咋地，关键是这价格还不便宜！果断差评！,online_shopping_10_cats.csv
R0404,衣服,0,这是我有使以来买过最窝囊的一次了，福建到北京两天，在北京派件要三天，要不是我催还不知道什么时候送？真是太为难你们了！！！客服是没上过学的吗？19号就开始派件，20，21号也是，竟然说21才刚刚派件，以前的只是刚到北京，要是在我面前就打了，是在说我不懂了？18号到北京，19.20.21一直是在派件，竟跟我说不是，像这样的客服还是回家多了解一下语文，再说申通快递，19号的时候叫我过去取，我刚到这里不久，不认识，问其他人也不知道，他给我五分钟时间去取，不然就走人，第二天再送，这是我的错吗？然而第二天没消息，第三天到中午了还没有消息，我忍不住了，叫客服催，算是白叫，遇到一个没脑子的，又打电话，到现在才拿到，六天快递，18号到北京，18-21号一直在派件，送快递的，我是很好脾气的人，说了不懂这里，叫他拿过来，我出去，他先到，等不急了，想对我火，还说要不要让他们快递公司20来人每人给我送一次？我也火了，但我忍得住，因为我怕他又走了，我白出去，还等了三天，不值得，拿了快递向他说谢谢，他也没说啥，就走人！这衣服大，173的人，L还大，也是呵呵！遇到这样脑残的客服和送快递的，算是我倒霉！,online_shopping_10_cats.csv
R0405,计算机,0,"还用LCD;发热量比较大(作图时); 硬盘120G对我来说足够了,可能对有影音要求的朋友来说有点低. 什么配件都没有,比起THINKPAD来抠门多了.",online_shopping_10_cats.csv
R0406,水果,1,包装很结实！苹果很新鲜！味道也不错！好吃,online_shopping_10_cats.csv
R0407,洗发水,0,东西水分太重了，洗了一点效果都没有,online_shopping_10_cats.csv
R0408,水果,0,一点都不好都成这样了还买太差了再也不买了,online_shopping_10_cats.csv
R0409,衣服,1,裤子尺码很合身，版型也好看，布料摸着不错，很喜欢,online_shopping_10_cats.csv
R0410,衣服,0,质量太差了，，，后面口袋也跟图片不一样,online_shopping_10_cats.csv
R0411,洗发水,0,假货，和以前买的施华蔻使用感受差太多，用了以后头皮油头发打结怎么也梳不通，用了二次才评价的！我可是用飘柔都ok的健康发质，真是无语了！！,online_shopping_10_cats.csv
R0412,书籍,0,"废话多,感觉不是很好.不是很系统很专业,可操作性也不强.",online_shopping_10_cats.csv
R0413,蒙牛,1,到京第一天买了3袋三元酸奶，2袋蒙牛红枣酸奶，谁叫它便宜呢，在南京喝不起啊，喝不起。吃了一个冰糖葫芦。。哈哈， 第二天，今天，吃呷哺了，哈哈哈，开心啦，又了了一桩心愿。,online_shopping_10_cats.csv
R0414,水果,1,苹果新鲜，脆甜可口，家人非常喜欢吃，已经多次购买了！,online_shopping_10_cats.csv
R0415,洗发水,1,还没用，刚收到货，感觉实惠，速度快。,online_shopping_10_cats.csv
R0416,水果,0,"买了几次,一次比一次差的口感,不想再卖=买了.",online_shopping_10_cats.csv
R0417,水果,0,无语，苹果超级小，只有鹅蛋大，味也一般，慎重购买,online_shopping_10_cats.csv
R0418,洗发水,1,满意不满意，看我买这么多就知道了，这是要剁手的节奏啊，话说昨天真的只是女人节吗？,online_shopping_10_cats.csv
R0419,平板,1,华为大品牌，一直用华为手机，华为路由器，华为平板，才发现我是华为迷,online_shopping_10_cats.csv
R0420,水果,0,不脆，很面。请问这是红富士吗？这么大的企业，真难想象！很失败的一次购物。,online_shopping_10_cats.csv
R0421,洗发水,1,货已经收到了，用了一段时间了，也不知道真假，瞎用吧,online_shopping_10_cats.csv
R0422,计算机,0,散热，头疼。 系统超级难折腾，想到这里就想着村里还保证系统能装好。。。 声卡驱动折腾了半天。,online_shopping_10_cats.csv
R0423,平板,1,很好很漂亮，非常喜欢，有机会下次还会首选光顾,online_shopping_10_cats.csv
R0424,平板,0,各种卡，就一垃圾货，买的想好了,online_shopping_10_cats.csv
R0425,洗发水,0,真心没办法给好评！用后一个月了、每次洗完头皮都痒的要命！一直相信京东、看自营的才买的、开始打开包装也觉得量多实惠、但实际上效果太次了、没办法在楼下超市重新买的！,online_shopping_10_cats.csv
R0426,酒店,0,"这是我住过的一家全国最差的四星级酒店.进房给你第一的感慨是灯光灰暗,我想看报只能去卫生间看,因卫生间照明亮度才能达到.我是晚上9点多进酒店,11点多想洗澡,却开不出热水,打电话给总台才知是市里供热管道出了问题,要我耐心等待.直到半夜1点多还是没供上,我又找了酒店值班柳经理,本人一天长途从上海开车12个小时到威海,就是能洗个澡好好休息?",online_shopping_10_cats.csv
R0427,蒙牛,0,出了多少事了，还买蒙牛伊利呢！只买地产三元！ 孙子不买蒙牛了,online_shopping_10_cats.csv
R0428,平板,1,不错很满意，下次再来买啊谢谢非常不错哈哈哈,online_shopping_10_cats.csv
R0429,水果,0,价格高于其他类很多，但品质好不如其他的！,online_shopping_10_cats.csv
R0430,酒店,1,我们住的是8号五星楼，总体来讲还可以，服务还有些欠缺，退房是时间太长宾馆反馈 2008年5月6日 ： 非常感谢您入住金陵溧阳宾馆 ，并通过网站将您的入住感受与我们分享。我们宾馆始终致力于不断提升酒店的软件和硬件设备，为客人提供良好的入住环境和美好的入住体验，您的意见我们已做过专题讨论会，对于退房等一系列服务已做出改进。恭候您的再次光临！,online_shopping_10_cats.csv
R0431,衣服,0,看上去还是不错的，就是裤脚太紧了,online_shopping_10_cats.csv
R0432,水果,1,非常棒，已经买了大半年了，每次都很满意，家里都爱吃！,online_shopping_10_cats.csv
R0433,手机,1,铃声音色不错。显示效果也可以。电话薄500条，平常足够用了，而且支持分组，还可以在联系人项目里添加：四个电话号码、QQ号以及备忘录等。,online_shopping_10_cats.csv
R0434,酒店,1,最受不了的是宽带竟然是收费的，1小时12元！黑啊。。。就住了一晚，其它感觉还不错的。,online_shopping_10_cats.csv
R0435,酒店,1,酒店里的工作人员很热情大方、每次走过，工作人员都会投上微笑并说您好，让人心情不错。,online_shopping_10_cats.csv
R0436,水果,0,"快递的速度超慢,打电话联系商家，商家一直没有合理的解释,还一直找理由不找原因。水果有三成都是烂的(有图为证)能够体现真正的生鲜吗?购买此商家的水果，千万要小心。",online_shopping_10_cats.csv
R0437,平板,1,给老人用的，看新闻和微信，挺好用！玩王者荣耀也不错，系统还是收到 3G内存的限制，不是特别流畅，建议更高配置,online_shopping_10_cats.csv
R0438,水果,0,头一次在京东买水果，失望；以后在实体店买吧，看得见，摸得着,online_shopping_10_cats.csv
R0439,蒙牛,1,今天的两大发现和两个未来的打算：幸福超市里的凉皮很好吃，以后要经常去吃！蒙牛的果蔬酸酸乳很好喝，以后每天都要喝！,online_shopping_10_cats.csv
R0440,平板,0,其实都蛮不错的，唯一不爽就在客服 我也是醉了,online_shopping_10_cats.csv
R0441,平板,1,宝贝收到了，可能是还有点不习惯，但是总体还是好的，音响效果特别好，不像其他平板，很小声，华为的声音很大，看电影很舒服，游戏我不怎么玩，希望用的长久！！！,online_shopping_10_cats.csv
R0442,洗发水,1,昨日下午下单，今日上午就送到了，京东物流没得说，相信京东，相信正品。,online_shopping_10_cats.csv
R0443,洗发水,1,还没有用，等用了再来追评吧！活动买的，很合算！,online_shopping_10_cats.csv
R0444,洗发水,0,我买的是油性，无硅油，生姜，强根固发的那种，洗过头发感觉油油的，搞不清楚什么回事，第一次用，告诉我，我是不是收到次品了，怎么会这样，京东的快递到是没的说，一只很棒。,online_shopping_10_cats.csv
R0445,洗发水,0,果然跟评价的一样！洗完后头发跟油了好几天似的！真真是愁死了！没用吹风机吹的话头发都胡住了！介绍上面明明说适用于油性发质！难道这是传说中的以毒攻毒？*买了一个教训！,online_shopping_10_cats.csv
R0446,酒店,1,"酒店的地理位置确实不错,购物方便，老外住的多",online_shopping_10_cats.csv
R0447,平板,1,不错，暂时用着各方面都很满意,online_shopping_10_cats.csv
R0448,酒店,0,淋浴头竟然自己掉了下来，后来修理好了。马桶一直堵。请求修理两次，态度很好，无奈技术不佳，最终没有解决，大便硬是憋着！,online_shopping_10_cats.csv
R0449,洗发水,1,一直用清扬男士洗发水，还真是挺喜欢的，好用，京东快递也挺快的,online_shopping_10_cats.csv
R0450,洗发水,1,给男票买的，这货天天在家打游戏，连自己的洗发水没了都不知道，我知道他一直都用的这牌子，所以就买了，快递很快，货收到拆开看了，也很好 很满意，希望下次要没了，他能发现就好！,online_shopping_10_cats.csv
R0451,酒店,0,太吵了，飞机声音太大,online_shopping_10_cats.csv
R0452,书籍,1,我儿子不久就满4岁了，拿到这本手工制作后就迫不及待的要动手做。和他一起做了几个，然后就让他自己一个人玩了，可能是太小了点，不能按线折，剪刀也用得不太好，剪偏，所以现在还没有一套真正由他个人完成的手工制作，小家伙自己还是很有兴趣的，原来只知道看电视，现在也会分出一些时间来动手制作，我的目的达到了。建议：5岁的小朋友买这本书不错。小剪刀比较好，很安全。,online_shopping_10_cats.csv
R0453,洗发水,0,感觉像买到假的了，洗了满头的头屑,online_shopping_10_cats.csv
R0454,洗发水,0,在京东购物从来没给过这么低的评价，买时页面显示赠给吹风机，送来时怎么没有呢？吹风机不值几个钱，信誉已不再。,online_shopping_10_cats.csv
R0455,洗发水,0,我觉得不好，和超市比，这个一点味没有，下次不回买,online_shopping_10_cats.csv
R0456,酒店,0,"携程的客服人员告诉我预订的是离火车站一公里的店,不知道怎么变成这家离火车站3公里的店,住的房间不是主楼,而是后面像农村住宅区一样的房间一楼.前台告诉我住那里可以比较安静,结果发现被忽悠了,挨着窗就是一个学校,那读书声,下课声怎么也不像前台说的安静才住那幢楼,真不知道,前台说的主楼靠马路会更吵,会是吵到什么程度.问酒店像熨斗,前台告知只有一个,借出去了.我说协调一下,让我先用一下,前台马上说,那客人出去了,像是他自己借的一样,客人在不在房间,都不用问一下,就告诉我客人出去了,呵呵,给人感觉像假的样子.严重的问题是,房间的水,我喝了几杯后发现写的日期是3月7日,有效期是15日,而我去的时候,已是24日,让前台换一下水,我是晚上10点打的电话,到10点45分左右才送来,让客人在房间等了如此之久.奇怪的是,送水的人还告诉我那上面写的日期是不准的,奇怪,不准的,你如家还特意贴个字条上去做什么?第二天取一下寄存行李,在前台等了十分钟才办完手续.总体感觉:这两年如家店增加不少,但是内地的如家店的整体水平需要提高的太多了.",online_shopping_10_cats.csv
R0457,酒店,0,橘子比起以前来说差了很多，不知道是不是安排的房间的问题。感觉比以前差了好多，服务也不怎么样。 以后可能不会再选。,online_shopping_10_cats.csv
R0458,洗发水,0,油性头皮别买了。我觉的没啥用。 昨晚洗的今晚就油的不行了。而且去屑止痒效果也没海飞丝好,online_shopping_10_cats.csv
R0459,平板,0,东西还行，快递太差劲,online_shopping_10_cats.csv
R0460,洗发水,0,用了快三个月了，效果不是很好，头发还是油，有点坑,online_shopping_10_cats.csv
R0461,蒙牛,0,必须不喝蒙牛！！ 愤怒了！,online_shopping_10_cats.csv
R0462,洗发水,0,这洗发水很垃圾，不要买,online_shopping_10_cats.csv
R0463,水果,0,三个坏一个，网上买生鲜还是不靠谱,online_shopping_10_cats.csv
R0464,平板,1,物流速度可以,online_shopping_10_cats.csv
R0465,酒店,1,酒店服务员都很温柔亲切 你有不满意的地方向他们提出都会尽量响应 所有房间的风景都非常优美但是房间的隔音效果实在不行 豪华套间虽然好一点 但是上下楼层之间的隔音还是个不小问题,online_shopping_10_cats.csv
R0466,手机,1,硬件没什么特别之处，键盘较大。侧键一贯在左侧，侧键上方有一照相键。中文输入流畅。而且支持ＭＰ３作断信提示音！,online_shopping_10_cats.csv
R0467,平板,0,机子一般般，最可恨的是买手机既然耳机都没有，真是的，什么都不送，在其他看的送那么多东西，，以后买这些我不会在京东买了，价格都一样,online_shopping_10_cats.csv
R0468,手机,1,操作反映速度还好，比MOTO的C350反应快多了。支持GPRS。,online_shopping_10_cats.csv
R0469,平板,0,做工有点粗糙,online_shopping_10_cats.csv
R0470,水果,1,昨晚下单的，为了凑单，选了这家?，***，第二天中午就拿到了，打开看了一下，个头差不多，看着也不错，吃起来也蛮脆的，水分也足,online_shopping_10_cats.csv
R0471,衣服,0,图片与实物不付,online_shopping_10_cats.csv
R0472,水果,1,好吃，不贵！！！！！老百姓喜欢！！！,online_shopping_10_cats.csv
R0473,酒店,0,这家店比市里的莫泰态度上稍微好点，不过房间也很小，住在里面不是特别舒服。服务员多数是生手，明显就不是很熟练的员工。我想也许压缩成本吧，莫泰也只能这样了。一夜情专用的旅馆，为的就是图个方便，快，他们也不指望多少回头客的。,online_shopping_10_cats.csv
R0474,水果,0,苹果不好实在太差下次斤东再也不买东西斤东让我失望退顶,online_shopping_10_cats.csv
R0475,酒店,1,"厦门司机都知道的酒店,还不错,卫生,房间,设施都可以,不过早饭一日不如一日~(我们住的那三天)~~",online_shopping_10_cats.csv
R0476,酒店,0,冷冷冷冷冷冷冷冷，房间隔音不好，小棉袄房间嬉闹，我出电梯都听到了。间隔有二十米哦。 不过风景不错，与景区一墙之隔，有房卡可以免费游玩,online_shopping_10_cats.csv
R0477,手机,1,信号好！闹铃中有一星期中具体某几日响铃，很方便了！显示屏在强光下，比以前那个明显清晰！,online_shopping_10_cats.csv
R0478,酒店,0,"住进去感觉不是那么回事, 很旧, 不很干净. 旁边的海滩很脏, 还有条大水沟往海里注入脏水. 真想逃走.",online_shopping_10_cats.csv
R0479,酒店,1,每次到南充都住这里，这次有点特别，当时住十二楼碰到了汶川地震，楼摇晃的厉害（当时并不止地震发生在汶川），我急忙跑了下楼，到六点钟再回酒店时已关闭，但酒店还派了工作人员陪我一起上房间拿了行李并由总经理亲自驾车送我和同事去了他们的另一家酒店。唯一觉得不好的是舍不得开冷气，不过还是我在南充的不二之选。,online_shopping_10_cats.csv
R0480,计算机,1,价格便宜，功能强大。去中关村拿还要3600带票呢，这次才3299带票。够便宜,online_shopping_10_cats.csv
R0481,酒店,1,我是十一全家去的，酒店整体设施不错，服务也好，还有免费接机，车是本田雅阁，当穿着制服的门童拿着牌子在机场出口等我们时，儿子还是挺兴奋的 。地理位置在市区，因为是下午的飞机，晚上到后，在周边逛逛，挺热闹的。第二天就搬到风景区住了，方便些。它和风景区的距离是14公里。如果出差，可以选择。,online_shopping_10_cats.csv
R0482,计算机,1,（京东的服务还可以，但是京东配套的物流就真的是太差了，一般你要发的电子产品都会在过了7天品保期后才能到你手中！）牌子货，时间长，其它没什么，现在一般普通的本本也有这些功能，别的网站上同样一型号只要2000左右，不知道是不是行货，还是多数同志被无情的忽悠了！本人只能无语了，只有认命！,online_shopping_10_cats.csv
R0483,衣服,1,试穿上可以，手感也不错，没洗呢就是不知道退色严重不,online_shopping_10_cats.csv
R0484,平板,1,好机器，做工完美，支持京东,online_shopping_10_cats.csv
R0485,热水器,0,热水器用了一个星期收到！和客服沟通了下，现在就如实评价！！！热水器冷热调节相当不灵敏，太热了加一点点冷水，立马全变凉水，回过来调热水完全没有反应，必须全关再开才可以！！！从昨天安装好到现在，花洒一直滴水，整个卫生间都......今天再用一次，出了一分钟热水后直接就变冷了，还得自己烧水洗澡！！！客服就三字，找售后，他们解决不了！！质量问题吗？？？安装师傅是一个地方的认识，说实体店加赠送物品800多，比实体店便宜不了多少！真心就两个字，后悔！多加几十块钱在实体店买还送货上门安装，现在不说买配件，自己去快递取吧，关键根本无法用！后悔的一次网购，第一次差评！！！,online_shopping_10_cats.csv
R0486,水果,0,差评，明明远的是要开发票，没开也就算了，咨询了一堆客服，也没人帮忙解决，再也不上京东了,online_shopping_10_cats.csv
R0487,酒店,0,"这次入住最满意的就是安排的楼层比较高,所以很安静,但是态度很差!!!!进去以后我看见标准A房特价,我询问,她们说是老装修,委婉拒绝看房请求,然后我放弃了还是入住了本来预定的标准B类房间,然后洗澡,吹风筒用完却出了问题无法放归原处,打电话通知总台找人来看,大概隔了半小时没人上来,我赶着出去就顺便到总台又交代了一次,大概晚上12点才回到酒店,却还是老样子,不知道是没人上来看,还是她们也搞不定.第二天我就退房了,她们总台有三个人在,我却感觉全部都凑一起,操作很不专业,这跟3星的标准相去很远,入住这家酒店还有一个好处是可以免费打长途,可是后来我才了解到,原来柳州的酒店都跟电信签了协议都可以免费打长途.总之下次我不会再选择这家酒店了.",online_shopping_10_cats.csv
R0488,水果,0,太小了，一点都不好吃。差评，一分是给快递小哥。,online_shopping_10_cats.csv
R0489,水果,0,中旬我己买了二次都没开发票，请把发票快递来。,online_shopping_10_cats.csv
R0490,衣服,0,不知道是客服笨，还是你们沟通不顺畅，我要的尺码，仓库死活发不对，裤子换了三条，就是没能换到合适的，就这样吧,online_shopping_10_cats.csv
R0491,平板,1,妈妈用的，看连续剧不错哦,online_shopping_10_cats.csv
R0492,水果,1,买了好多次了，朋友说好吃，京东送货快，小哥态度好,online_shopping_10_cats.csv
R0493,衣服,1,大小合适，很喜欢，质量不错，,online_shopping_10_cats.csv
R0494,酒店,1,选择珠江花园的原因就是方便，有电动扶梯直接到达海边，周围餐馆、食廊、商场、超市、摊位一应俱全。酒店装修一般，但还算整洁。泳池在大堂的屋顶，因此很小，不过女儿倒是喜欢。包的早餐是西式的，还算丰富。服务吗，一般,online_shopping_10_cats.csv
R0495,平板,0,外观有明显瑕疵，后壳上有多个小孔（气孔），怀疑是喷漆产生的。要求更换，竟然不拿新机来换。询问客服，解释为贵重电子产品都不直接拿新机更换。可我相邻的同事也换过手机，就是拿新机直接换货的。这又如何解释？太让人不满意了。,online_shopping_10_cats.csv
R0496,衣服,0,哇 好难受 才穿一条就变成这样子 不值这个价钱而且感觉质量很差以后不会在买了,online_shopping_10_cats.csv
R0497,计算机,1,白色很漂亮，指纹不是很明显，键盘很舒服，电池也不错。。当时就是看好电池和体积小巧，携带方便。,online_shopping_10_cats.csv
R0498,平板,1,给家人买的，大小正好，很不错，相信京东,online_shopping_10_cats.csv
R0499,计算机,1,做工扎实，按键设计很人性化，散热很好，带有正版系统让人用着有点名正言顺的感觉。完美屏，很像镜面屏。这款是带有麦克风的，好像参数里没写，有点惊喜。解压系统很快，加装内存也方便，拆了两个螺丝抠下后盖就可以插了，说明书里有图解。赞一下京东送到赠品：thinkpad原装包包我超喜欢，第一次拥有这么设计人性化的包包；三星内存条1G，很容易安装，弥补了本本内存小的缺陷；thinkpad小黑鼠标，好用可爱；,online_shopping_10_cats.csv
R0500,酒店,0,"房间潮湿,设施陈旧。",online_shopping_10_cats.csv
R0501,洗发水,0,这泥@马包装！没谁了,online_shopping_10_cats.csv
R0502,书籍,1,此书算是一本论文合集，对于中国古代甲胄的介绍尤其详细，包括从原始社会到宋朝。里面对各代甲胄的特点、材料、制作工艺介绍得十分具体，并且配有表格及清晰的线描图，令我受益匪浅。对于武库、兰錡和胡床的考古发现我还是第一次看到，觉得很新鲜，总算明白胡床是什么样的了......可惜对于兵刃的介绍还不够多，但还是不失为一本内容丰富而的好书。,online_shopping_10_cats.csv
R0503,手机,0,介绍有下载功能，但到目前为止还没有一个人找到可能下载的办法，这个手机也太高科技了。,online_shopping_10_cats.csv
R0504,书籍,1,没有磨难的爱情不会长久，袁喜和何适，他们俩人的问题从来都不是因为第三者，逝去的四年的时光留下的也不会是爱情，只是对于年少的怀念。袁喜和步怀宇，他们俩人的爱情来的磨难重重，有的时候甚至会有些憎恨袁喜的固执，恼火她的倔强。明明是个比何适好一百倍的男人，明明是个比何适更加适合她的男人，步怀宇，让人觉得可以依靠的成熟男人。,online_shopping_10_cats.csv
R0505,热水器,0,好用 ，自己准备角阀和淋浴龙头，师傅来安装就收了40元，两根波纹管,online_shopping_10_cats.csv
R0506,洗发水,1,还没有用应该是正品，活动时买的。物流挺给力的。,online_shopping_10_cats.csv
R0507,酒店,1,第二天下午退房的话，第二天房价算一半，这点很实惠。贵宾南楼标间260一天，算是还可以。一楼在装修，有点吵。,online_shopping_10_cats.csv
R0508,洗发水,0,之前买单瓶的都很好用，这次买套装的感觉头皮屑特别多。,online_shopping_10_cats.csv
R0509,酒店,0,上海航空酒店地理位置优越，但飞机噪音太大，整晚无法入眠。 房间设施陈旧，下水道堵塞。最主要的是性价比极差，边上的锦江之星比他强多了。 还有就是早餐也过于简单，与它的四星标准相差很远。 我起先委托了叫醒服务，后来因为航班取消我又打电话取消叫醒，但半夜来了两次叫醒，真是受不了！,online_shopping_10_cats.csv
R0510,酒店,1,"整体尚可.优点很多就不说了.单就缺点罗列如下,望改进:1,房内夜间有异响.象是水滴或是气流的声音.2,宽带要服务台开通才可使用.开始不明白,耽误了好多事.3,被子感觉很不好,不透气,象一层塑料罩着一样,很难受(个人感受).4,落地灯插座没电.只好趴在桌下找桌后的插座.5,卫生间隔音不是一般的差.",online_shopping_10_cats.csv
R0511,平板,1,包装很好，一开机提示升级，简间设置一下然后开始使用，反应好快，不错，价钱合理。,online_shopping_10_cats.csv
R0512,平板,0,介绍里的耳机机器里没有，不知道是不是二手机器，跟客服说话也没反映,online_shopping_10_cats.csv
R0513,水果,0,一直在京东买生鲜，这次的火龙果三个全是烂的，太差了。,online_shopping_10_cats.csv
R0514,衣服,0,裤子穿了几天就烂掉了成了乞丐服,online_shopping_10_cats.csv
R0515,水果,1,上午下单，下午送到，京东自营太牛啦！！！！真心感动。苹果口感不错，虽然看着有点小，口感，香甜脆！按照这速度，估计三天就吃完了。送货小哥滴态度杠杠滴！！???,online_shopping_10_cats.csv
R0516,衣服,1,样式非常好 颜色很正 试穿了很合身 老公很喜欢 果断收藏,online_shopping_10_cats.csv
R0517,平板,1,"用了两台华为的平板了，上一台是华为m2,m3比起m2提升还是挺大的，无论是屏幕，外放音质还有反应速度，4g的运行内存加海思麒麟950就是快，还有多了一个指纹解锁，解锁速度挺快的。",online_shopping_10_cats.csv
R0518,平板,1,平板回来几天了，一直在试用，现在来评价:总得还可以，但我就不明白为什么不自己贴上屏保！自己贴起了好多气泡！不送平板套，自己花钱买的！续航能力也有点不符，看图片有不清晰的现象！,online_shopping_10_cats.csv
R0519,衣服,1,衣服不错，老公很喜欢大小合适又买了一件米色的,online_shopping_10_cats.csv
R0520,衣服,0,速度太慢了，和之前买的36的有点小？,online_shopping_10_cats.csv
R0521,蒙牛,1,我觉得蒙牛大果粒才是真的大果粒，比光明有料多了~,online_shopping_10_cats.csv
R0522,洗发水,1,比超市实惠，超市一瓶750毫升的就*。京东商城买的放心,online_shopping_10_cats.csv
R0523,平板,0,建议大家不要买，质量比较差，维修成本太高，配件比机子还要贵。,online_shopping_10_cats.csv
R0524,酒店,1,去苏州工作的时候，住过很多酒店。综合比较来看，这家酒店还是比较舒服的。地理位置很方便，即使去新区也很近。出门的时候，酒店的服务员会帮忙叫出租车。虽然房间有点小，但是布置的很温馨舒适，很适合一个人出差时入住，床具也很舒服，可以保证休息。唯一不足的是，预定的时候不能知道房间是在主楼还是附楼。宾馆反馈 2008年5月9日 ： 多谢您提出的宝贵意见。一般情况下，携程预订的标房我们是安排在东楼的，因为东楼是06年新开的，房间设施设备均比较新，豪华房我们是安排在主楼的。如您在预订时想知道安排哪栋楼，可以在订单上提出，我们在回复确认预订时会为您注明的。期待您的再次光临。,online_shopping_10_cats.csv
R0525,酒店,1,和LP一起订的度假，发现三合比较紧俏，于是赶紧下了订单。在三合感觉中国人绝对是“少数民族”估计老外对这个酒店可能比较熟悉，早餐是在酒店外（第一次这种体会，呵呵），出门向左50米（路对面），叫阳光和酒吧。只有第二天早上看到一对中国人，其他全是老外，感觉有点奇怪。早餐内容太少了。酒店内比较别致，很有古城的味道，房间内的家具比较紧凑，不过两个人住应该还好了。热水似乎不行，放了很长时间都是温水。电视奇高无比，晚上看会电视脖子酸，信号也一般。不过如果是体验古城味道，的确是个不错的选择。,online_shopping_10_cats.csv
R0526,衣服,0,退货退货，没办法，这衣服太皱了,online_shopping_10_cats.csv
R0527,水果,0,昨天才到货的火龙果，今天就坏了6个，是不是发的坏的，坏的惨不忍睹，请问怎么处理，以后哪里还敢在京东买鲜果,online_shopping_10_cats.csv
R0528,酒店,1,酒店房间比较大（行政楼层），但是没有早餐，也不包上网费，价格偏高，大堂的快餐很难吃。,online_shopping_10_cats.csv
R0529,平板,0,不好买来好后悔玩游戏好卡差评。,online_shopping_10_cats.csv
R0530,洗发水,0,上次买过，真心不错，下次再买,online_shopping_10_cats.csv
R0531,衣服,1,有点大，好薄，希望过水后能小一点,online_shopping_10_cats.csv
R0532,水果,0,苹果卖相不错，但是削开了里面是这样的，好失望,online_shopping_10_cats.csv
R0533,水果,0,京东现在真的越来越差了，这个火龙果还可以，跟这个一起下单的还有两盒蓝莓，都是六月十六号下单的，到现在二十四号还没收到，只能申请退款了，为什么这么多天都没收到呢？？？？,online_shopping_10_cats.csv
R0534,酒店,1,7月19日入住酒店 总体感觉较好 不足之处如下1.一号楼到二号楼的指示标志不明显，而且要走很远2.服务人员似乎不知道什么是主动见面打招呼，这点比起海景花园酒店要差的远。我在酒店大厅、走廊 、院子里，见到酒店各个岗位的服务人员，大部分都不知道应该主动和客人打招呼问好,online_shopping_10_cats.csv
R0535,衣服,0,垃圾，连快递都不舍得用，EMS一个月才收到货,online_shopping_10_cats.csv
R0536,平板,1,非常不错值得佣有，哈曼卡顿音质非常好，看电影电视清晰度高，可看2k电影。,online_shopping_10_cats.csv
R0537,蒙牛,0,蒙牛真让人失望。,online_shopping_10_cats.csv
R0538,衣服,1,宝贝质量不错，面料柔和有弹性，包装精美，没有线脚料，大小适中，值得推荐。,online_shopping_10_cats.csv
R0539,酒店,0,环境一般，房间一般,online_shopping_10_cats.csv
R0540,水果,0,一丁点大，寄过来让我涨姿势了，原来这么贵的火龙果可以这幺小。还有坏果，三个坏掉两个，媒体报道的开箱验货现场赔付都是假的,online_shopping_10_cats.csv
R0541,衣服,1,裤子质量真的好好，穿上去也很合适，好喜欢呢！,online_shopping_10_cats.csv
R0542,洗发水,1,东西还没用 价钱很合适，快递小哥冒雨送来个 给个赞。,online_shopping_10_cats.csv
R0543,平板,0,触屏反应慢机子的手感还可以,online_shopping_10_cats.csv
R0544,平板,0,在京东买手机很多次了，这次在不同时间买了两个畅享6，当然都是降价100和200这种，买回来没任何怀疑放了一阵子才打算贴膜送人，结果贴膜时发现屏幕不平，以前从没遇到过的情况，而且两个都是屏幕不平，有种旗舰店在处理问题机的感觉，亲们慎买!!!,online_shopping_10_cats.csv
R0545,平板,1,东西还好吧感觉有点不如那个华为p９,online_shopping_10_cats.csv
R0546,洗发水,1,一如既往的支持，日期也很够，可以用好久了,online_shopping_10_cats.csv
R0547,衣服,1,很满意，面料很舒服，衣服不错的，很好,online_shopping_10_cats.csv
R0548,平板,0,快递的速度有点慢，然后送到手的，时候，包裹的胶带已经松动（都能看到里面的东西），还好里面的东西没坏。,online_shopping_10_cats.csv
R0549,酒店,0,酒店位置确实很好，入口也不难找。但是就其硬件设施等而言，700多的价位，性价比实在不高。尤其是，房间很多小强！！！这是我绝对无法忍受的，入住后发现了立马要求换房间，被告知房间已满无法更换，承诺上门进行清扫，结果就是一位大姐拿来杀虫剂到处喷喷，没有别的任何措施！且房间没有窗户——我订的还是行政大床房！顾忌到杀虫剂无法挥散，只能少喷点就算。隔天换到了同样位置差不多价位的深航国际酒店，实在好太多！,online_shopping_10_cats.csv
R0550,衣服,0,我买的的裤子在哪？还是三月份的,online_shopping_10_cats.csv
R0551,衣服,1,看起来很不错，质量的话时间才知道,online_shopping_10_cats.csv
R0552,酒店,0,入住时发觉没有空调，跟服务台说了后开启了中央空调。结果半夜两点热醒了，原来酒店居然偷偷关了空调。差评！！,online_shopping_10_cats.csv
R0553,酒店,1,第一次预订这家酒店，开了有段时间，门面比较小，不过里边的房间还是比较大的。因为是替别人订的，进去看了以后觉得设施蛮齐全的，要的大床房的确很大很舒服，以后要订也会再订这家的。宾馆反馈 2008年4月28日 ： 非常感谢您的入住及您对我们的肯定，我们将为您以后的每一次入住提供更贴心的服务！期待您的入住！,online_shopping_10_cats.csv
R0554,酒店,0,比较一般,online_shopping_10_cats.csv
R0555,酒店,0,房间冷的受不了，让服务员那条被子足足半小时，电话打了好几个，那床比木板还硬洗澡的水没有热气，这样的就店实在差劲，就是免费我也不会再住了,online_shopping_10_cats.csv
R0556,水果,1,还没有吃，那么多好评，应该不错吧。618买价格实惠。,online_shopping_10_cats.csv
R0557,酒店,0,不适合一家人集体去住 房间与房间之间隔的太远 迷宫一样,online_shopping_10_cats.csv
R0558,书籍,0,书本的质量很差：收到的书本前面几页装订反了，有几页本来就没有装订好，直接就可以拿下来。寄回当当网换货，20多天了，一点消息都没有，写了邮件通知换货的原因，却没有见到任何回复。为了要换货，我还要特意去跑一趟邮局。这次买书简直是受气。这样的服务也太差了。,online_shopping_10_cats.csv
R0559,书籍,0,作者有明显的自恋倾向，只有有老公养不上班的太太们才能像她那样生活。很多方法都不实用，还有抄袭嫌疑，没意思，没买的可以省省了。,online_shopping_10_cats.csv
R0560,平板,0,用了不到一个月就坏了，经常打不出电话，别人也打不进来，就算有时候打通了对方也听不到我说话，质量真差。现在已经寄回去修了，不知道能不能修好,online_shopping_10_cats.csv
R0561,蒙牛,1,我的圣诞礼物，蒙牛牛，太喜欢啦！,online_shopping_10_cats.csv
R0562,洗发水,0,漏了不少，可否包装好一些？,online_shopping_10_cats.csv
R0563,计算机,1,外型超漂亮，?像?清晰，??、?牙很方便，我加了?2G的apcer?存，?行超快！散?我?得可以啊，不?。,online_shopping_10_cats.csv
R0564,计算机,1,性价比相当的高，配置很均衡，尤其是3470的显卡，有很大的吸引力。基本上，不需要太大的升级。个人认为，2G的内存足够了。并且这款是独立显卡，所以不会占用系统内存来做显存。,online_shopping_10_cats.csv
R0565,计算机,0,发热是有点大，特别在玩游戏的时候，显卡有70多°C，不知道正常不正常！不玩游戏的时候50°C左右，还算可以！,online_shopping_10_cats.csv
R0566,水果,1,很好吃，包装好，生产日期是最近的，送货快，吃完下次还来,online_shopping_10_cats.csv
R0567,洗发水,0,必须差评！刚收到货，洗发液已经被打开，洗发液都流出来了！！！！！,online_shopping_10_cats.csv
R0568,平板,1,999财富版。之前问客服说是不赠手机壳的，实际收到是有的。新机开机后存储情况如图。像素对的起价格。比之前联想的外形瘦了一些，拿起来更方便。加油华为，加油京东。,online_shopping_10_cats.csv
R0569,衣服,1,样式不错，质量很好，面料很不错，值得购买,online_shopping_10_cats.csv
R0570,水果,0,根本不是红富士 必须差评 还有快,online_shopping_10_cats.csv
R0571,书籍,1,这本小说是伤感的，是让人心碎的，查理这么一个正直，勇敢的男子汉被无情的战争绞杀是任何人都不能接受的，但小托却要承受这个痛苦，他的家庭是那么的不幸，以至于他的成长充满阴影，但他能够感受生活给他带来的快乐。看到这些，我感觉自己的生活太平凡了，太缺乏颜色了，我们有那么多的优越的东西，却没能精彩的活着，不停的抱怨，这真是悲哀。小托的坚强让我懂得了好多东西。,online_shopping_10_cats.csv
R0572,酒店,1,整体环境还可以，离亚龙湾比较近。但近期一直在装修，一楼凌乱，给人感觉不太舒服。价格偏高。服务一般。,online_shopping_10_cats.csv
R0573,水果,0,真的是12“粒”小苹果，5厘米多一点，真是小得不得了，没长熟树上掉下来的吧,online_shopping_10_cats.csv
R0574,平板,1,还好，稍微有点卡，给家里老人买的。够用，价格合理，耐用，我家人手机平板都选华为。支持国产！,online_shopping_10_cats.csv
R0575,平板,1,东东很好，很给力，快递赞一个,online_shopping_10_cats.csv
R0576,衣服,1,不错 款式新颖 大小适合 值得购买,online_shopping_10_cats.csv
R0577,平板,1,还不错，不过遗憾没在**价买到它。,online_shopping_10_cats.csv
R0578,衣服,1,买给弟弟的，很意外，拿到快递后发现真的很好看，而且版型很正，尺寸也没有偏差，值得这个价！穿着也很帅。,online_shopping_10_cats.csv
R0579,书籍,0,这本书不象宣传里说得那么好，买到家以后，翻了翻就没有兴趣了。本来是想买回来，让小孩学习英语的，拿到书以后，竟然是中文夹着英语单词，这种脱离文章来学习英文单词的方法，我是不认同的。,online_shopping_10_cats.csv
R0580,酒店,1,不错的酒店，好像是公寓改装的，很新的设施，就是前台非常小。服务小姐很亲切，笑容可亲。,online_shopping_10_cats.csv
R0581,水果,0,苹果每次只能买一箱，买了两箱，第一箱是好的，第二箱是坏的。已经出现两次了。,online_shopping_10_cats.csv
R0582,酒店,1,房间宽敞，条件不错。周围环境也可以。周围无合适的公交车，出行需要用出租车。,online_shopping_10_cats.csv
R0583,衣服,0,快递太慢，东西还行，。。,online_shopping_10_cats.csv
R0584,水果,1,买过六次了，一如既往的好吃，非常之满意。。。对，可以的，带皮吃没问题。,online_shopping_10_cats.csv
R0585,酒店,0,进去就是一股霉味，地摊很脏，电视等设备老旧。位置比较偏,online_shopping_10_cats.csv
R0586,洗发水,0,京东啊我购物好几次了对你们产品质量还是不放心用同看吧,online_shopping_10_cats.csv
R0587,手机,1,感觉样子还可以，就是机身有点厚拿在手上有点重.前端的面板设计的挺漂亮的，是铝合金的很有质感，只是红色的LOGO是个败笔，内屏看起来有点小，但是颜色做的不错,online_shopping_10_cats.csv
R0588,衣服,0,和图片略有……不值这个价位,online_shopping_10_cats.csv
R0589,手机,0,多得不知道说什么了啊质量不好性能不好不能下载反正都不好啊,online_shopping_10_cats.csv
R0590,酒店,0,一般般，服务非常差,online_shopping_10_cats.csv
R0591,水果,0,"超级小苹果，只有50-70mm,描述严重不符合， 骗人！",online_shopping_10_cats.csv
R0592,洗发水,0,差评，绝对差评，电话也不打，货放哪也不知道，收货人没见货就敢签收,online_shopping_10_cats.csv
R0593,洗发水,0,我就想知道刚收到的货就遗漏在外面嘛？？？？？也太不负责任了吧，，欺*消费者，太伤心了，,online_shopping_10_cats.csv
R0594,计算机,0,"预装软件过期了,一看居然是2006年的,晕(windows denfine?) 蓝牙开关在哪?",online_shopping_10_cats.csv
R0595,水果,0,以后绝对不敢在京东买水果了，几个品种都给小的出奇的东西，也难为京东了，每个品种都能找到这么奇葩的货品！按照个数计算，你们就玩心眼，太差劲！你们也好好称称分量，和你们注明的分量差距有多大！！！,online_shopping_10_cats.csv
R0596,酒店,0,房间太差，外面就是立交桥，吵的很，房内脏，味道又大，房门不牢，开关感觉都有问题。办入住的时候，前台给了房卡，打开房间发现里面已经睡着人了，这种事情怎么能够发生？,online_shopping_10_cats.csv
R0597,洗发水,0,要么假货要么滋源不好，明明买的是针对油性的但是真心油腻啊，还贵，如果是看广告来的还是放弃吧，花钱买罪受,online_shopping_10_cats.csv
R0598,酒店,1,性价比比较高，在临海属于比较好的酒店了，老酒店翻新,online_shopping_10_cats.csv
R0599,洗发水,1,还不错，昨晚使用效果还好，沙宣大品牌，京东发货配送迅速！,online_shopping_10_cats.csv
R0600,酒店,1,房间挺大卫生也还行就是洗澡水早晨有点凉,online_shopping_10_cats.csv
R0601,衣服,1,款式很好看，穿上很舒服，非常满意。,online_shopping_10_cats.csv
R0602,平板,1,宝贝很喜欢，很满意的一次购物。,online_shopping_10_cats.csv
R0603,水果,0,"每个都有局部烂掉的，,真的是每个烂一片。",online_shopping_10_cats.csv
R0604,酒店,0,还不错！但卫生间用普通灰花花岗岩彻成的墙和做地砖装饰让我觉得不是满意。,online_shopping_10_cats.csv
R0605,洗发水,0,两天前购买，今天看又有赠品，两天前怎么没有呢？生气，下次不购买了，差评,online_shopping_10_cats.csv
R0606,计算机,1,性价比较高。 IBM被收购后从贵族机子变成了大众机子，大家都可以过把瘾,online_shopping_10_cats.csv
R0607,衣服,1,裤子布料柔软，颜色好看，穿着舒服，值得拥有。,online_shopping_10_cats.csv
R0608,洗发水,1,礼品盒还算可以，买3送5划算，还没有使用，不过呢相信京东无假货。,online_shopping_10_cats.csv
R0609,衣服,1,一次买了三件，质量很好，三件七折，很好！,online_shopping_10_cats.csv
R0610,手机,1,外型倒是很不错的，手感很好。,online_shopping_10_cats.csv
R0611,书籍,1,本来对本书期望不大的，因为我一向喜欢余杰，而且对祝勇以前的一些观点不是很赞同，但是看了此书以后，对祝勇的思想痕迹有了了解，更为深刻的理解了祝勇的一些观点，总的说来，祝勇对于他人的剖析有理性（对余杰的批评有些过了），对问题的阐述比较客观。不过还有露出了文人相轻的感觉，如同楼上的那位朋友所说，对自己太看得起了。总结：建议一读。,online_shopping_10_cats.csv
R0612,衣服,0,质量不好，差评，差差,online_shopping_10_cats.csv
R0613,洗发水,0,就买瓶洗发水一共用了7天！！！ 用京东这么久第一次这样评价的！,online_shopping_10_cats.csv
R0614,洗发水,0,看起来不像是真货，因为瓶子的标签都是歪的。,online_shopping_10_cats.csv
R0615,洗发水,0,洗完头痒掉头发丢掉了，呵呵呵,online_shopping_10_cats.csv
R0616,酒店,1,服务非常好，锦江大厨的口味也很好。吃饭时，在野兔煲里面发现一根兔子毛，我想看看这里是怎样处理的，就向服务员提出。服务员马上汇报，领班表示给重新做一份，并把菜放在我视线所及的范围内。直到重新做好菜并送上来后，才把原来的撤下。后来快吃完饭时，又在空心菜盘子里发现一个玉米粒大小的土块（泥块）。提出后，领班马上表示在给换一份，并一再致谦。看到他们的态度很好，并且我已经快吃饱了，就表示不需要。最后领班还表示多送一份水果，我谢绝了。就是电梯里面的灯有点暗，头顶像蚌珠一样有16盏灯，还是觉得有点阴森森的。顺便说一下，附近的蜀渔坊特别差，餐厅内热浪滚滚，仔细一看，原来是因为厨房没有门，热气全跑到餐厅来了。最恶心的是吃到一半，桌子上突然出现一只蟑螂，向我的碟子飞快的爬来。与店长交涉（等了他很长时间，他解释说很忙，也许有许多蟑螂...之类的需要管理），他竟然说：“活物是没法管的，就是卫生部门的人来了，也不会说什么。因为蟑螂不是在菜里面发现的。”我靠，难道他们还想卖红烧蟑螂不成？,online_shopping_10_cats.csv
R0617,手机,0,1.语音拨号是垃圾，我在九九年拥有一部飞利浦手机，语音拨号可以随意设置。难道是技术不如人？3.待机时间太短！！！烦！4.反应迟钝！！5.内存偏低！！6.价格偏高！！7.MMC卡读取也没TF卡快！！！8.按键过小！不太习惯！！！！9.视频通话麻烦！！！！！！！,online_shopping_10_cats.csv
R0618,手机,1,性价比较高。64和弦动感铃声表现力很高，还有29首真人原唱。支持GPRS上网功能，可以轻松浏览网页。内置游戏反应速度快。30万象素数码摄像头，通过键盘上快捷键，可以一键进入拍照模式。,online_shopping_10_cats.csv
R0619,平板,1,华为的品质还是很不错的,online_shopping_10_cats.csv
R0620,衣服,1,"质量很好。很合身。服务态度好,物流快,穿起来很舒服。比实体店便宜,下次还会继续购买。大家都可以来购买吧！",online_shopping_10_cats.csv
R0621,水果,1,个头还算合格吧，12个29块钱，跟水果店差不多，还行,online_shopping_10_cats.csv
R0622,衣服,0,穿一天就烂了，洗一次就起毛了,online_shopping_10_cats.csv
R0623,水果,0,坏了好多/不过卖家愿意赔偿~~~~就是苹果放着泡沫一股异味/不放心吃啊啊啊啊啊,online_shopping_10_cats.csv
R0624,酒店,1,这次的入住，因为用港澳身份证预订登记的，所以安排的楼层高了很多．呵呵．真是区别大呢．而且房间很新，似乎改造过．行李员态度不错．下午茶款式丰富．入住还送了五十元的代金券，这样算下来房间价格是很划算的．如果下午再来会再考虑入住．,online_shopping_10_cats.csv
R0625,平板,1,不错 性能比较强,online_shopping_10_cats.csv
R0626,平板,0,新买的充电器不管用，还要返回检修，发快递还得跑镇上，太麻烦了，一个差评！,online_shopping_10_cats.csv
R0627,计算机,0,触控板左右键键程偏短，感觉生硬，不适合女生使用；到货时发现键盘上边缘没有安装到位，吓我一跳，还好本人懂一点，又把它重新安装好，华硕公司应该好好检讨一下了，这样的产品怎么能通过检测呢？,online_shopping_10_cats.csv
R0628,水果,0,果肉不新鲜，还有两个发霉的，太差。,online_shopping_10_cats.csv
R0629,洗发水,0,之所以给一颗星，是因为快递小哥惹的祸，之所以选择在京东上购物很久了，就是看中京东的物流体系有保障和送货到门的服务。那天送货的小哥不上楼，再三说明家里只有老人在不方便下楼，快递小哥上楼后很不耐烦指责我家老人，好不讲礼貌。再次说明一下不是物品不好，而是京东自营的东西物流服务也是其中一个重要环节，请京东管理好送货最后一公里的服务，做好监管!,online_shopping_10_cats.csv
R0630,水果,1,个头比较均匀，还是脆甜那种，价钱也满意。快递小哥一口气把6箱送上楼！必须赞！信赖京东没错的！,online_shopping_10_cats.csv
R0631,衣服,1,店家推荐的尺码合身，衣服不错，送货很快，好评。。。,online_shopping_10_cats.csv
R0632,洗发水,0,劝各位别看包装这么好，商品就是大家知道，后悔,online_shopping_10_cats.csv
R0633,水果,0,并不新鲜，而且有磕伤，不会再买了，这种在外面地摊还是特价水果才卖得出去的。,online_shopping_10_cats.csv
R0634,酒店,1,离火车站、地铁站很近，去火车站北出口有近道，熟悉了还是很方便。房间装修很不错，房间有点小，出差住也够用了，服务非常好，早餐有点简单。就是离学校比较近，周一至周五早上七点多，孩子们出操，鼓乐齐鸣有点吵，不睡懒觉的倒也没关系。,online_shopping_10_cats.csv
R0635,酒店,0,很旧的酒店，房间里又脏又旧，不过床铺的干净程度还算可以接受。电视遥控器也不好用，窗户完全不可以打开，外面贴着不知道什么广告。到晚上11点回来，已经不知道前台服务员去了哪里？无奈找到其他服务员，对前台告诉早上6：00叫早，前台也已经确认，结果是幸亏自己的手机有闹钟功能，不然一定赶不上飞机。早上结账时，告诉入住2位客人，需要另外交2元的城市建设费（好像是这个费用，甘肃省要求的）。在甘肃的其他酒店入住时，其他的酒店都自己承担的，钱虽然不多，不过可以反映酒店的服务水平。唯一的好处就是这个酒店可以提供免费接机服务，不过来接的车子也应该不是酒店的车子，一路上一直询问可否自己租他的车子。不过师傅倒是态度挺憨厚的。这样小的城市，这样的服务水平也就不足为奇了！！,online_shopping_10_cats.csv
R0636,衣服,0,裤子漏线。有个动。质检员该换了,online_shopping_10_cats.csv
R0637,洗发水,1,抢券买的，还是非常划算的，只希望是正品,online_shopping_10_cats.csv
R0638,水果,1,甘肃天水的红富士苹果真的很甜，水分很大，很满意，继续购买。,online_shopping_10_cats.csv
R0639,蒙牛,0,蒙牛怎么老出状况啊？严重抵制！,online_shopping_10_cats.csv
R0640,酒店,0,淋浴地漏严重堵塞，极其不便！电吹风折旧严重！浴缸有破损！,online_shopping_10_cats.csv
R0641,衣服,0,超垃圾的商家和快递公司，端午节就到我镇，硬是昨晚才收到，拿回去直接丢楼下垃圾桶了没意思,online_shopping_10_cats.csv
R0642,衣服,0,垃圾，真的垃圾，骗子骗子，一群骗子,online_shopping_10_cats.csv
R0643,洗发水,0,差评，承诺的吹风机没有送，单方面取消赠品。,online_shopping_10_cats.csv
R0644,平板,1,待机时间长，用起来还可以,online_shopping_10_cats.csv
R0645,平板,1,好好，比超市实惠，物流快，服务好。,online_shopping_10_cats.csv
R0646,水果,0,果子又小又不新鲜，最主要是一点也不甜。以后都不会再买了，很失望。,online_shopping_10_cats.csv
R0647,计算机,0,刚拿回来发现指示灯位置开胶了，直接到联想客服用双面胶粘上了，这两天又开胶了，心里挺不爽的！内存太小了，平时编程，还是在xp下面，就开始跑硬盘了，cup的强大完全体现不出来了，准备价格2g内存！,online_shopping_10_cats.csv
R0648,蒙牛,0,30号我在休假啊 果真辛苦啊 我那几天也在休假，辛苦蒙牛了 2月30日产的蒙牛奶 蒙牛辛苦，中粮辛苦了！ 辛苦啊,online_shopping_10_cats.csv
R0649,平板,1,屏幕很大，相信华为。,online_shopping_10_cats.csv
R0650,书籍,0,买了看不了多久，没有音频的，包装印刷挺精美，不如一本双解牛津英语字典,online_shopping_10_cats.csv
R0651,蒙牛,1,为什么抵制我很看好 坚决抵制蒙牛,online_shopping_10_cats.csv
R0652,计算机,1,速度比想象中快，而且还可以用超频模式，增加15%的CPU速度。硬盘性能也很好。电池耐用。,online_shopping_10_cats.csv
R0653,水果,1,嘎蹦脆的小苹果！经常在京东自营买水果！好吃不贵,online_shopping_10_cats.csv
R0654,计算机,1,外观设计别出心裁！配置均衡性价比高，比TC系列又有进步。散热很好。,online_shopping_10_cats.csv
R0655,酒店,0,跟其它的橘子精选比较实在不足，如果是橘子酒店也就可以算满意了。房间小，厕所也不是很干净,online_shopping_10_cats.csv
R0656,衣服,0,质量不行，做工差,online_shopping_10_cats.csv
R0657,平板,1,刚到手使用很流畅，买完第二天就到物流很快，这个价位买这样的平板电脑很给力，外观高大上。就是没有耳机不过无关紧要,online_shopping_10_cats.csv
R0658,蒙牛,1,我好喜欢这个广告。还有蒙牛那个广告我也好喜欢。 陈欧真是年轻帅气啊，这广告是自己想出来的吗？,online_shopping_10_cats.csv
R0659,水果,0,苹果又小还不脆，被骗了，以后再也不在京东买水果啦,online_shopping_10_cats.csv
R0660,书籍,1,N多年前在上海看《琥珀》，不知道它是廖一梅的，因为有影帝（刘烨）和美女盖住了她的光芒。去年在话剧中心看《恋爱的犀牛》，被一群黄牛围堵，才知道原来她的话剧那么红。这是一本不错的书，记得书中的很多细节，比方说关于男人变老和变成熟，比方说关于美感实不实用，比方说引用的《两只狗的生活意见》里关于门的台词。,online_shopping_10_cats.csv
R0661,蒙牛,1,喜欢喝蒙牛不？,online_shopping_10_cats.csv
R0662,书籍,1,看你从哪面看结局，之前感觉很悲，但是最后想想可能这样的结局对于他们两个人是圆满的。在这个世界她背负了太多责任。,online_shopping_10_cats.csv
R0663,水果,1,苹果味道不错，酸酸甜甜的，个头不大，送货快，赞一个。,online_shopping_10_cats.csv
R0664,酒店,0,酒店环境还不错，装修也很好。早餐不怎么样，价格偏高。,online_shopping_10_cats.csv
R0665,洗发水,0,今晚刚收到，虽然是6l8活动抢购的，但价格也不便宜比去港货店买还还贵呢!,online_shopping_10_cats.csv
R0666,酒店,1,设施有点老化了，但毕竟是闹中取静的地方！洗漱用的东东配的挺齐全的！,online_shopping_10_cats.csv
R0667,平板,0,说好的是通话平板，但没有插sim卡的功能。差评，差评,online_shopping_10_cats.csv
R0668,洗发水,0,不好用，没泡沫，不知道是不是正品,online_shopping_10_cats.csv
R0669,平板,1,不错，第3台X2了，没毛病，一直好用，屏幕清晰，通话好，外放不错，值得玩。就喜欢大屏。全家都是用华为，不比苹果差。支持华为。,online_shopping_10_cats.csv
R0670,平板,0,买完第一天降价*块 给找了 第二天直接降价一百 也送会员 不给 我 不拆退了好了 才第二天 我去,online_shopping_10_cats.csv
R0671,水果,1,又快又好啊啊啊 又快又好啊啊啊,online_shopping_10_cats.csv
R0672,酒店,1,"此次我在雅客滨江住了13个晚上，订的是城市景观房的高层。以下是我的感受：一，在上海这是一家性价比非常高的酒店。房间布置简洁舒适，卫生间也很大，最令人开心的是有阳台。二,厨房设备齐全，冰箱很大，厨具餐具也比较全，对于家庭旅行来说是非常实用的选择。三，服务很好，尤其是整理房间的工作人员，尽职尽责；认真热情。四，交通有些不方便，但是附近有公交车的终点站，如果外地的朋友能仔细研究一下上海交通旅游图的话，会发现就附近的公交车站和地铁站就完全可以满足你出行的需要了。总的来说我们这次入住这家酒店还是很满意的！！！",online_shopping_10_cats.csv
R0673,水果,1,物流快，东西是正品，信赖京东。,online_shopping_10_cats.csv
R0674,洗发水,0,差评差评，洗发水根本就只有一大半，请问还有一小半去哪了，根本就是坑人，现在京东也太过了。非常不开心。*！物不所值委屈！！！,online_shopping_10_cats.csv
R0675,蒙牛,1,光明的粉丝很庸俗地表示一直都很喜欢这个蒙牛饮料,online_shopping_10_cats.csv
R0676,平板,0,骗人，就一平板和充电器，别的啥也没有，什么75礼包呀,online_shopping_10_cats.csv
R0677,书籍,0,人要独立才能生存于世 不能是任何人的依附,online_shopping_10_cats.csv
R0678,蒙牛,0,中国的奶制品企业可能将全军覆灭。 《蒙牛回应过期奶不道歉遭质疑》 (来自 http:t.cn/zWnxfcG,online_shopping_10_cats.csv
R0679,平板,1,不错的一次购物！比较不错,online_shopping_10_cats.csv
R0680,书籍,0,发成其他的书 但是已经签收了 郁闷 这就是当当吗？？？,online_shopping_10_cats.csv
R0681,酒店,1,酒店位置没说的，很好!就是大堂稍微小气了点，还有房间的设施也老旧了一点，比起刚开业时的那种感觉逊色了很多，不过还是挺喜欢这家酒店!,online_shopping_10_cats.csv
R0682,酒店,1,"准四星已经正式挂牌为四星了,房间很大很干净,服务也不错,酒店就在火车站旁边,交通很便利,而且大商等大商场立着也不远,购物也挺方便,不过也正因为在火车站旁边,酒店门口显得比较乱",online_shopping_10_cats.csv
R0683,衣服,0,11月25下单 12月7号才收到 要不是不给星不能评论 我特么一星都不给 绝对差评 马上退货 要买的慎重了,online_shopping_10_cats.csv
R0684,平板,1,试用了半天，还行，不过确实黑边太大了一点，但是只要质量过硬也算值得，另外声音不是很大，只希望能耐用就行了。,online_shopping_10_cats.csv
R0685,洗发水,0,买回来才用两次，头皮屑不是一点的多，哇塞刚洗的头感觉很脏，真的坑呢，不敢用了，没买的还是别买了，在京东买了很多东西第一次这么坑的，真心的垃圾,online_shopping_10_cats.csv
R0686,平板,0,京东不讲道理不给退货，枉我曾经那么信任你们,online_shopping_10_cats.csv
R0687,酒店,1,再次入住该酒店，不过这次入住的是标准房，在4楼。房间的设施其实和豪华房是一样的，只不过因为3楼是夜总会，晚上有点吵，而且外面走廊的地毯有点脏。另外，早餐还是和上次入住一样，10点多一点就很多东西都没有啦，而且那天还是星期天。,online_shopping_10_cats.csv
R0688,平板,1,昨晚十点前下的单，今天下午就到了，速度够迅，不知质量如何？用后再评,online_shopping_10_cats.csv
R0689,计算机,1,用起来还不错，本人还有几张2000-100 1000-50 东券要的加qq 673946022,online_shopping_10_cats.csv
R0690,平板,0,平板不错，物流垃圾,online_shopping_10_cats.csv
R0691,热水器,1,很不错的产品、这个已经是第五个了。跟朋友买的,online_shopping_10_cats.csv
R0692,水果,0,不新鲜！不新鲜！不新鲜！皱皱巴巴！极不满意,online_shopping_10_cats.csv
R0693,衣服,1,今天，幼儿园搞活动，共有三个小班，每个班出场时，要喊口号：小一班喊的口号是：“小一，小一，勇争第一[呲牙][呲牙]小二班口号是：“小二，小二，独一无二。”[呲牙][呲牙]等到小三班出场，喊出了令在场所有人，..都乐趴下的口号：“小三，小三，爸爸的心肝！[呲牙][呲牙]，全场爸爸们昏倒。。。[偷笑][偷笑]祝大家永远保持童心，6.1快乐！,online_shopping_10_cats.csv
R0694,水果,1,很好吃 主要是送的很快很快很快 以后就京东了,online_shopping_10_cats.csv
R0695,蒙牛,0,太不靠谱了，被黑的总是蒙牛，肯定伊利干的~,online_shopping_10_cats.csv
R0696,计算机,1,最大特点当然是小巧，三星的作工不用多说。键盘的手感相当好。开机运行状况下很安静，厉害。,online_shopping_10_cats.csv
R0697,手机,1,看看它的顶极配置，性价比很高。双26万色屏，顶极配置，颜色清晰，富有极强的层次感。支持SD扩展，无形中加大了内存和下载空间。MP3播放功能时尚；有声视频摄录加强了娱乐性；64和弦音质不错。,online_shopping_10_cats.csv
R0698,酒店,1,目前为止，是我第一家还想下次去的酒店。无论是环境还是服务，都能让我感受到5星级的服务，尽管我去的时候是春节，一部分餐饮关闭，但是服务生快速的应答到位的服务还是让人感到贴心。,online_shopping_10_cats.csv
R0699,平板,0,手机真垃圾，我都觉得是翻新机,online_shopping_10_cats.csv
R0700,酒店,0,号称三星，顶多招待所的标准，房间前面是个施工工地，晚上也在施工，很吵。还有这个迎宾员感觉有像索要小费的样子，不知道是不是,online_shopping_10_cats.csv
R0701,洗发水,1,京东快递就是快，最慢也是第二天就送到，而且是送货上门，日期也都不错，还没用，等用了之后再决定以后要不要在这继续购物。因为瓶子打不开，所以闻不到味道。,online_shopping_10_cats.csv
R0702,酒店,0,"中庸的酒店,本来冲着环保房去的,可是,哎,有些失望啊",online_shopping_10_cats.csv
R0703,酒店,0,服务不好，态度不好。,online_shopping_10_cats.csv
R0704,手机,1,：1、数字/拨号键置于屏幕两侧，比较酷！2、屏幕大，看不费眼。3、内置收音机时尚功能。,online_shopping_10_cats.csv
R0705,平板,1,听音乐看图片一般，电量不错，这个价位还能接受吧！,online_shopping_10_cats.csv
R0706,洗发水,1,一直用沙宣，支持，京东买多很多次，*那边的正，还回来的，自己用的宝宝用的首选京东,online_shopping_10_cats.csv
R0707,洗发水,0,效果远远没有宣传的那么好，头发依旧很干,online_shopping_10_cats.csv
R0708,平板,1,买给老丈人的，挺不错的嘛,online_shopping_10_cats.csv
R0709,平板,0,"感觉被骗,以为运行内存是4g的，结果还是2g的，机身内存也很小。,很垃圾,强烈不推荐购买.京东就是个坑。",online_shopping_10_cats.csv
R0710,衣服,0,退货不退款！欺骗消费者,online_shopping_10_cats.csv
R0711,水果,0,能不能用心给挑几个好的，看的好看，但,online_shopping_10_cats.csv
R0712,衣服,1,买了两条，冬天保暖神器，质量不错，大品牌！,online_shopping_10_cats.csv
R0713,水果,1,一直购京东超市苹果，靠得住。味道好，新鲜。吃完再买。,online_shopping_10_cats.csv
R0714,洗发水,0,双十一买的，以前也一直用施华蔻，但是这次的不一样，瓶子颜色不一样，味道也不太一样，洗完了头皮痒,online_shopping_10_cats.csv
R0715,水果,1,很甜，京东冷链很不错，觉得比潘苹果好吃,online_shopping_10_cats.csv
R0716,计算机,1,帮老板买的自己一直用T系类，所以当老板说需要个不是很贵的小本，我马上推荐X200,online_shopping_10_cats.csv
R0717,洗发水,0,跟图片不一样，有广告欺诈嫌疑。,online_shopping_10_cats.csv
R0718,平板,0,我购买的《通信专业综合能力（中级）》，明明是纸书购买，结果是电子的，从购买页面看，欺骗和误导消费者。,online_shopping_10_cats.csv
R0719,热水器,1,我这已经是很多次在这家买东西了，卖家服务真的是超好，而且信用是直得信耐的，快递也非常的快，是顺丰哦 ，直得大家放心的去买。,online_shopping_10_cats.csv
R0720,酒店,0,酒店很小资，可是遇到一个被狗日的服务员，真是伤不起，大家入驻小心哦，一个个高高的男生前台。真是狗日的！,online_shopping_10_cats.csv
R0721,水果,1,京东快递员服务很好，送货很快，非常满意,online_shopping_10_cats.csv
R0722,平板,0,待机时间太短了，不连接网络不玩手机只能待机一天，问了客服，客服说，这手机电量只能用一天，我也是醉了，挺失望的,online_shopping_10_cats.csv
R0723,计算机,0,那么大的一个硬盘居然只分了一个区，发热控制一般，音箱的声音感觉小了一点，另外好像蓝牙的功能不可用。16：9的屏幕比例还在适应中。,online_shopping_10_cats.csv
R0724,酒店,0,服务态度差，不推荐，店浑浊,online_shopping_10_cats.csv
R0725,平板,0,这机子不行，玩个王者在英雄移动过程中居然加不了血，放不了技能，用着感觉不像多点触控。还特意买它玩王者的。差评！,online_shopping_10_cats.csv
R0726,洗发水,0,效果如同飘柔，洗候没有一点清爽感觉。同事说假货叫我退，可是过了七天退不了。以后生活用品还是去实体商店购买。3.15打假。,online_shopping_10_cats.csv
R0727,计算机,0,不能装锁、光驱读盘能力不算太好、圆通快递太离谱，到货无通知，直接给公司保安，等我见到?时纸箱包装已被拆开过。建议京东每单多给圆通两毛电话费！,online_shopping_10_cats.csv
R0728,酒店,0,这是一个让我比较不满意的酒店。由于订酒店时太晚，没有订上隔壁的“君逸康年大酒店”，本以为天玺与君逸康年一墙之隔，不会太差，结果太令我失望了：1、酒店隔音效果极差，以至于直到半夜2:00还能听到走廊以及隔壁不该听到的声音；2、设备一般，设施基本都比较老化；令我非常恶心的事情是，提供的一次性牙刷非常软，而且最要命的是，牙刷居然掉毛，掉出的牙刷毛粘在舌头上能感受到却找不出来，让我漱口半天才感觉嘴里清爽了；第二天早晨换了另外一个牙刷，效果一样，晕。由于有了这恶心的经历，我才时隔多月仍要上来点评一下该酒店。这酒店对于长沙的住房价格来说，太名不副实了，如果大家非要在这附近住，我强烈建议到隔壁的君逸康年去。,online_shopping_10_cats.csv
R0729,水果,1,第二次买了，商品质量还不错，物流也很给力，京东加油↖(^ω^)↗,online_shopping_10_cats.csv
R0730,水果,1,"东西收到以后马上查看，发现与图片描述一致，超级喜欢，卖家发货速度很快，，服务也很到位，给老板点个赞，下次还会来购买.........质量非常好，与卖家描述的完全一致，非常满意,真的很喜欢，完全超出期望值，发货速度非常快，包装非常仔细、严实，物流公司服务态度很好，运送速度很快，很满意的一次购物",online_shopping_10_cats.csv
R0731,衣服,1,评价只不过是为了那点京豆而已。。。衣服很好,online_shopping_10_cats.csv
R0732,水果,1,老潘的苹果还不错，想买阿克苏苹果，但断货很久了。吃口还可以。,online_shopping_10_cats.csv
R0733,衣服,1,裤子非常好质量不错手感很舒服还不掉色还会再来的,online_shopping_10_cats.csv
R0734,衣服,1,裤子质量很好，看起来很有质感。剪裁也比较有型，很合身，尺码标准。值得购买，推荐,online_shopping_10_cats.csv
R0735,衣服,0,非常差，服务非常差。,online_shopping_10_cats.csv
R0736,洗发水,1,非常棒哦，老公用的挺舒服，继续购买，速度也是杠杠滴！！！,online_shopping_10_cats.csv
R0737,酒店,0,酒店旧了点，酒店大门的保安不够热情拽得很，其他服务还行。,online_shopping_10_cats.csv
R0738,水果,0,还有比这个更小的嘛，还让我说什么，垃圾,online_shopping_10_cats.csv
R0739,平板,1,外观美 操作方便 速度快 华为的品质好,online_shopping_10_cats.csv
R0740,计算机,0,XP下如何用指纹，有人才告诉我一下吗？IBM有软件打开的ACER的好像也有个软件，装了却打不开，点来电去没反应。散热量跟我THINKPAD X200比太热，跟我的COMPAQ V3803TX比还算好的,online_shopping_10_cats.csv
R0741,平板,0,整体来说899也只能这样了，分辨率低，卡，能不能给我退了，我加钱买苹果iPad mini 2,online_shopping_10_cats.csv
R0742,书籍,1,若能在孕期就看到这本书该多好呀！当然现在还不晚，只要能看到这本书的年轻父母们对很好的教育孩子来说，都不晚。本书不但说了如何教育孩子学习，更重要的是教孩子如何做人做事！怎样玩好，和谁玩好，都做了很好的例子。全面发展的孩子才更优秀！美中不足的是我又开始怀疑这本书是否是正版的？若是正版的，那出版商的校稿团队也太差劲了些，不但错字常出，连排行都能出错！真是有愧“（珍藏本）”的说法！！,online_shopping_10_cats.csv
R0743,平板,1,特别大的屏幕，看电视剧特别爽，屏幕分辨率也还好，我觉得很满意！没有他们说的那么不清晰，除了照相的像素有点差！光用来看电视还是相当舒服滴！幸好买的9.6寸的，就是大！哈哈！,online_shopping_10_cats.csv
R0744,平板,1,刚刚收到了宝贝！快递大哥很及时！到店就给我送过来了、刚刚拆开就晒图了还没来得及用！不过发现木有赠品系列产品也木有皮套钢化膜之类的！商家太小气了吧,online_shopping_10_cats.csv
R0745,酒店,0,"千万不要住综合楼,那本来真的是一个宗和楼,在路边,且在景区大门外,跟一个路边酒店没区别.另,之前看点评说那里的温泉少,服务差,还不信,体验的结果是:服务员说,来多少客人开多少池.结果我们一群人在一个池里,好在小朋友不介意,但我介意,这是广东省最差的温泉.唯一的优点:综合楼改成的客房面积很大.",online_shopping_10_cats.csv
R0746,水果,1,质量还不错很好很喜欢，服务很好很喜欢,online_shopping_10_cats.csv
R0747,洗发水,1,套装包装很精美，价格实惠，味道很好闻,online_shopping_10_cats.csv
R0748,洗发水,1,价格实惠！比超市便宜，京东就是方便！,online_shopping_10_cats.csv
R0749,计算机,1,刚收到货，从发货到收到很快，机子很好，没有什么磨损。而且配置都如产品介绍所说。可以说是相当棒！,online_shopping_10_cats.csv
R0750,衣服,0,差，差，差，用了几次扔掉了,online_shopping_10_cats.csv
R0751,平板,0,差评，快递到家连泡沫包装都没有，买时说的32G内存呢？忽悠我，垃圾商家,online_shopping_10_cats.csv
R0752,酒店,0,前台接待太差，酒店有A B楼之分，本人check－in后，前台未告诉B楼在何处，并且B楼无明显指示；房间太小，根本不像4星级设施，下次不会再选择入住此店啦。,online_shopping_10_cats.csv
R0753,平板,1,在6.18这么忙的时候快递师傅仍然在20号送到手里，虽然比平常晚了，但是很感动，感谢京东，一如既往地支持！,online_shopping_10_cats.csv
R0754,水果,1,快递很快，京东小哥很礼貌也很给力，给五星！,online_shopping_10_cats.csv
R0755,水果,1,可以带皮吃，苹果很甜，京东i物流很快。,online_shopping_10_cats.csv
R0756,洗发水,0,有一小瓶渗漏出来，不开心,online_shopping_10_cats.csv
R0757,水果,1,不错，个头挺大的，礼盒装包装还行，送礼挺合适的，有几个运输有点磕碰，但是客服积极解决啦,online_shopping_10_cats.csv
R0758,手机,0,STNLCD屏幕，效果不好。无电话薄分组功能，不实用！没有短信群发功能，不方便！铃声效果不好，而且有破音现象!内置铃声单调，不好听，又无自编铃声；也不支持JAVA和数据接收，无法下载铃声！,online_shopping_10_cats.csv
R0759,洗发水,0,我都没收到货，就显示签收了,online_shopping_10_cats.csv
R0760,衣服,1,裤子很合适，显得很职业范儿，笔直有型不易起皱，面料舒服暗斜纹，很好看。好评,online_shopping_10_cats.csv
R0761,平板,1,不错哦，送给妈妈，妈妈喜欢,online_shopping_10_cats.csv
R0762,热水器,1,小巧实用，两人正合适。售后安装太快啦赞一个。材料费收了113元,online_shopping_10_cats.csv
R0763,平板,0,买了一个月，总是自动关机，和商家沟通，找各种借口，华为太不靠谱了，卡成啥样我也就不说了，以后再也不买华为了,online_shopping_10_cats.csv
R0764,酒店,0,第三次入住该酒店，以前的经历都还可以，所以一直都选择该酒店，不过这次遇到了不能刷卡，感觉是酒店为了节约手续费故意的，幸好现金有结余，不然真的很麻烦，下回不想住了。,online_shopping_10_cats.csv
R0765,平板,0,机器有时候经常卡顿非常不好用！像素，分辨率，运行内存都很低。,online_shopping_10_cats.csv
R0766,酒店,1,"不错的酒店, 装修和风格都很好,是郑州最好的酒店了.可惜没有时间好好住, 因为是晚上到了都一点半了.早上八点半又开车走了, 所以只觉得房间很舒服, 早餐很好吃哈哈哈哈.........",online_shopping_10_cats.csv
R0767,洗发水,0,产品的生产日期是2011年的，瓶子很旧。不知道是不是正品？,online_shopping_10_cats.csv
R0768,平板,1,给侄子买的，爱不释手，下载了一大堆各种学习和游戏软件，在家有事做了，京东速度快，凌晨下单，下午就到手,online_shopping_10_cats.csv
R0769,平板,1,感觉还行、等了那么久才买的、查过了是正品,online_shopping_10_cats.csv
R0770,水果,1,苹果的颜色很正哦，又脆又甜的！,online_shopping_10_cats.csv
R0771,平板,0,平板收到了，超级不爽，包装摔成了这样，箱子里面就一个包装盒，连一点填充物都没有，幸好机子没摔坏,online_shopping_10_cats.csv
R0772,平板,0,快把你的使用感受告诉大家吧！十分忧伤的使用感受！！,online_shopping_10_cats.csv
R0773,水果,0,这次买的不如上次，有瑕疵而且有的快烂了，坑，第二次买就发差的了？,online_shopping_10_cats.csv
R0774,酒店,1,友谊宾馆环境优美，空气新鲜，硬件设施还可也，服务比较到位。瓦西里酒馆俄式大餐非常有特色，这里外国人非常多，住在这里如同在国外度假。距宾馆专用海水浴场三分钟路程，跟宣传的一样，我来过北戴河多次，这里环境是最好的，下次来北戴河我还会选择这里。,online_shopping_10_cats.csv
R0775,酒店,0,"综述:见过差的四星酒店,没见过这么差的准四星酒店.详细描述:1,基础设施问题:酒店承诺可以宽带上网,但房间经过更换,才可以使用.房间设施比较简陋.和四形标准有一定差距.具体表现在:家具陈旧,没有必要的办公用具.床具不是一般的硬,而且有明显的污渍.2,服务态度问题.到达酒店时,门童没有服务意识,不仅不帮助客人拿行李,而且开门的意识都没有.总机接线员不仅不使用双语,而且连基本的礼貌用语都没有.3,安全保卫方面问题:酒店防火安全意识不够高.首先,酒店房间内的插座和电源按键安装不稳定,部分地方有明显松动的状况.其次,在酒店3--4层的安全出口的过道内铺设了地毯,根据消防法的内容,酒店安全出口的过道内是不能铺设地毯的.保安并不尽职.4,餐饮问题.酒店早餐没有水果,这是我以前住酒店从没遇到的.没有就没有吧,但是,酒店独出心裁,把塑料水果放在餐台上,不知酒店是考察客人的智商还是工作人员失误.以上就是入住此酒店的感受,但此酒店不是一无适处,酒店门口有轻轨,交通还算便利,距机场较近,前台的一位接待人员和电脑工程师值得表扬.如果你不追求享受,如果你可以忍受没有网络的日子,如果你可以对酒店服务质量不做更高要求,如果你可以保证你入住其间,酒店不会发生火灾.我推荐您入住此酒店.",online_shopping_10_cats.csv
R0776,平板,1,帮弟弟买的，收到货时告诉我，物流真的很快，东西也很不错，是他想要的,online_shopping_10_cats.csv
R0777,平板,1,很不错，东西很好,online_shopping_10_cats.csv
R0778,酒店,0,服务质量不好，房间老旧。,online_shopping_10_cats.csv
R0779,衣服,1,裤子面料不错，穿的很舒服，发货也很快哦！,online_shopping_10_cats.csv
R0780,书籍,1,一个星期左右的时间看完了整本书，刚看的时候有种弃之不看的想法，不过既然买了还是咬牙看完了。总体来说还不错，为女主的大胆跟儿时的坚强五体投地。文章内容是穿插进去的倒叙的手法，不过总给我感觉男女主爱的有点很勉强。不是推荐的那么好看。不过文章对现实描写的还可以，早婚人士对社会的抱怨，对周遭朋友的羡慕，这些刻画的很真实。算成功的文章，不过我觉得看一遍就“饱了”，不想再看第二遍了。,online_shopping_10_cats.csv
R0781,衣服,1,好好好好好好好好好好好好好好好好好好好好,online_shopping_10_cats.csv
R0782,衣服,0,在你家店买了好几次了 感觉这次被坑了… 布料不好 还线头多 做工差极了 和售后反应了 说让自己剪剪……,online_shopping_10_cats.csv
R0783,平板,0,我五一下的单，怎么现在都还没收到，这也太慢了吧……,online_shopping_10_cats.csv
R0784,平板,1,还可以。毕竟价格摆在那里。,online_shopping_10_cats.csv
R0785,平板,0,买了3件货、只发一件、显示订单完成、联系客服、说给我反馈问题、马上过年了、请问京东什么时能解决问题,online_shopping_10_cats.csv
R0786,计算机,1,外观漂亮，键盘也很舒服，主要还是觉得性价比高，5099买的挺划算滴！,online_shopping_10_cats.csv
R0787,蒙牛,0,每天一包奶，毒死中国人。蒙牛，是全国最无耻的企业之一。继续让蒙牛经验的后台们是世界上最无耻的机构。同意请转。,online_shopping_10_cats.csv
R0788,酒店,1,酒店适合度假，在尖沙咀汉口道逢整点有免费班车往返，房间大小适中，可以躺在床上看海，儿子在游泳池里玩得不想上来，缺少浴袍。早餐还可以。,online_shopping_10_cats.csv
R0789,酒店,0,房间残旧，天花发霉，卫生间马桶冲洗不干净。没有窗户，排气不好。以后不用钱都不去哪里住了,online_shopping_10_cats.csv
R0790,衣服,1,裤子收到了 穿在身上感觉很好 很舒服 料子摸着挺舒服的 物有所值 好评,online_shopping_10_cats.csv
R0791,衣服,0,对商家彻底无语了，下单是黑色裤子，寄过来却是别的颜色的 。还有就是裤子很明显 裤子是旧的,online_shopping_10_cats.csv
R0792,书籍,0,很一般，感觉到主人公内心很肮脏，之前读过余华的《兄弟》，被恶心了一把，《女心理师》和《兄弟》有一拼，但文字更加散乱。上当！,online_shopping_10_cats.csv
R0793,衣服,1,裤子不错，没有色差，大小合适，祝店家生意兴隆,online_shopping_10_cats.csv
R0794,平板,1,好用，非常满意的购物，经常买的,online_shopping_10_cats.csv
R0795,蒙牛,0,那你喝什么？伊利？ 牛奶，永不喝蒙牛！,online_shopping_10_cats.csv
R0796,洗发水,0,这什么东西连个基本包装都没有 你就随便套个袋子也行啊 还是袋子太贵你套不起 严重怀疑是不是正品,online_shopping_10_cats.csv
R0797,水果,0,水果良莠不齐，一看就是为了凑数，也不甜。五花八门的水果，就这样欺骗消费者？,online_shopping_10_cats.csv
R0798,衣服,1,宝贝收到了，质量不错，价格实惠，好评！,online_shopping_10_cats.csv
R0799,酒店,1,很喜欢这家酒店，是我住过的五星级酒店里性价比最高的一间。交通便利，就在厚街的高速路口。酒店最让我难忘的是二楼的那间日本料理，铁板烧的味道美极了，服务员和主厨的态度都非常好。晚上入店比较晚了，在西餐厅叫了意大利面味道也很棒，下次还会选择这间酒店,online_shopping_10_cats.csv
R0800,计算机,1,整体来说还是比较满意的，散热挺好，噪音也不大，运行VISTA也还算顺畅,online_shopping_10_cats.csv
R0801,酒店,1,不错的酒店，挺实惠的，符合合适的市场定位，石家庄里还挺方便,online_shopping_10_cats.csv
R0802,手机,1,我的几个同事在用南方高科的机子，反应还行，我就选这部，感觉不错，双屏机子，1500买的，不算贵，功能方面，最喜欢这个机子的日历，带阴历的，要查什么日子很方便，这机子配有摄像头的，本来没什么用，最近宝宝降生，给他人生第一张照片就是用这机子照的，我要永久收藏，一来电话，那小家伙眼睛就会找声音，这机子说明书上说是40和弦的，很好听,online_shopping_10_cats.csv
R0803,酒店,1,必须开车去，否则肯定找酒店是一项复杂的工程。即使开车，也得带上GPS，真的是不太好找。酒店环境不错，就是这次去，钓鱼、桑拿（女宾部）都没有开放。游泳池很好，水温和清洁度都比较令人满意，虽然外面是雨夹雪，但是室内仍然很好。还有他们的捏脚服务生很好，力道挺足，价格58的话还不算贵。其他消费都是爆贵，周围也没有吃饭消费的地方，所以如果用套餐还是比较好一些。早餐种类少了一些，味道还行，服务生态度都还不错。,online_shopping_10_cats.csv
R0804,水果,1,可口可乐了看看可口可乐了看看可口可乐了,online_shopping_10_cats.csv
R0805,书籍,1,“在梦里，我们白天的劳动与休闲、欢乐和痛苦是绝不重复的。相反，梦的唯一目的是让我们从中获得解脱，尽管有时我们的头脑灌满了一些事情，或我们承受苦难的折磨，或我们的精力统统投入某件关注的事情，梦也是以一种象征的方式进入我们的头脑。”?做梦的人在梦中被从清醒的意识世界中带走;在梦里，那些我们在清醒中所记忆的有序内容及其正常行为都不见了。”你希望自己是在梦中吗？一本不错的书，慢慢读的书！,online_shopping_10_cats.csv
R0806,蒙牛,1,美好的读书时光，蒙牛优一益C相伴,online_shopping_10_cats.csv
R0807,洗发水,0,假货吧，洗了满头头皮屑，痒,online_shopping_10_cats.csv
R0808,蒙牛,1,原来包包也喜欢蒙牛甚于伊利,online_shopping_10_cats.csv
R0809,酒店,1,房间有些小了，但还算不错。很奇怪的是没有床头？？？早餐还不错交通挺方便的，到市区比较远，不过乌鲁木齐打车也方便，才20多块，开了半个多小时,online_shopping_10_cats.csv
R0810,水果,0,明显以次冲好，大家别上当了，说好400-500克的大果，发过来不到300克，比我买的250克的梨还小。,online_shopping_10_cats.csv
R0811,平板,1,很好的板，很漂亮的衣服，很合适的面膜。5.2寸的荣耀小七和他的姊妹8.4寸板M3。,online_shopping_10_cats.csv
R0812,水果,1,昨天下单，今天中午送到，够快，差点就让我措手不及，哈哈。包装盒和里面的防护措施也做得不错，苹果没有损伤的。关键是，苹果的质量很好，个头匀称，都熟透红透了，外观满分。至于味道，估计也可以，回头尝尝再补评吧。,online_shopping_10_cats.csv
R0813,水果,1,我为什么喜欢在京东买东西，因为今天买明天就可以送到。我为什么每个商品的评价都一样，因为在京东买的东西太多太多了，导致积累了很多未评价的订单，所以我统一用段话作为评价内容。京东购物这么久，有买到很好的产品，也有买到比较坑的产品，如果我用这段话来评价，说明这款产品没问题，至少85分以上…,online_shopping_10_cats.csv
R0814,计算机,0,就是装驱动很麻烦，对于刚开始用电脑的初学者有难度的，反正我是请同事帮忙搞定的，呵呵。散热不佳，用一会就发烫，电池续电后只能用一小时,online_shopping_10_cats.csv
R0815,水果,0,苹果不敢恭维，真的不咋的，一颗星是给快递小哥的！苹果个头也太小了吧！,online_shopping_10_cats.csv
R0816,水果,1,酸酸甜甜便宜又好吃以后常来，好新鲜卖家态度也很好，快递员性格很好服务也好，姓赵的那个快递小哥谢谢啦,online_shopping_10_cats.csv
R0817,衣服,1,衣服不错，老公很喜欢，下次有合适的再过来！很满意！,online_shopping_10_cats.csv
R0818,衣服,0,薄，有点掉毛，质量不好,online_shopping_10_cats.csv
R0819,衣服,1,送货速度超级快，一天半就送到了。裤子不错的，合身，料子也可以，加绒的穿起来不硬也暖和，物超所值啦。客服很热心与负责，一次愉快的购物经历。,online_shopping_10_cats.csv
R0820,水果,1,包装不错，发货快，很新鲜，个头儿均匀，没有坏果，冷链配送,online_shopping_10_cats.csv
R0821,平板,1,不错的，华为的东西值得信赖，越用越喜欢,online_shopping_10_cats.csv
R0822,水果,1,很好吃！我很喜欢买了很多！吃完了再来……,online_shopping_10_cats.csv
R0823,酒店,1,豪华客房很不错， 有客厅， 房间卫生打扫不错， 酒店人员算比较殷勤。但是提供的洗浴用品质量平平。自助餐算对得起这个等级（3星到4星）的水准。,online_shopping_10_cats.csv
R0824,平板,1,买来看word和ppt的，自带办公软件，棒！,online_shopping_10_cats.csv
R0825,平板,1,指纹解锁很灵敏，不玩游戏，办公用，非常流畅。,online_shopping_10_cats.csv
R0826,水果,1,85和75的还是有区别的，都不错，好吃,online_shopping_10_cats.csv
R0827,计算机,0,风扇声音有点大，而且叫起来是间歇性的，跟老公的DELL本本放一起，就感觉我的本本很聒噪，不知道这个是叫法是普遍现象还是个别情况呢？不过可能正是风扇的声音够大，所以散热很不错，其他的暂时还没发现问题。,online_shopping_10_cats.csv
R0828,计算机,1,屏幕完美，机器漂亮，传说中待机时间长，还没测试电池 京东送货很快，从订单到收货18个小时，赞一个,online_shopping_10_cats.csv
R0829,酒店,1,"服务绝对温馨,深夜入住,上楼出电梯的时候竟然还有服务员笑脸相迎,送进房间,铺好床铺道声晚安,感觉好亲切!早上起床用餐,服务也绝对可以,以后还会去住,只是酒店设施方面可以在上一个层次!",online_shopping_10_cats.csv
R0830,洗发水,1,东西好多两大罐，然后又送了两小罐，现在第一关还没有用完，去屑的效果还可以，但是没有想象的好，也许跟洗头的方式有关系吧,online_shopping_10_cats.csv
R0831,洗发水,0,今天很生气，我几乎没有给过京东差评，但今天真的非常非常生气，所有东西全被摔破，包括手机，越来越不信任京东了，这么多人都再说货物的真假和包装问题，为什么问题确越来越多？ 老刘光顾着开幼儿园了？,online_shopping_10_cats.csv
R0832,平板,0,给个差评！这个差不是给华为机器，是给京东的发货工作人员，很没有责任心！这样精密的平板电脑，就用一个塑料袋包装送来，原厂的包装盒上有很多磕痕，今时今日这样的服务是让人鄙视的！,online_shopping_10_cats.csv
R0833,洗发水,1,包装太简陋了，里面没有任何缓冲的，很容易就会破了，味道挺好闻的，希望以后包装有所改进,online_shopping_10_cats.csv
R0834,衣服,0,什么都不说了。快递员态度极度的差。衣服也就那么回事。反正差评就对了。什么德性。,online_shopping_10_cats.csv
R0835,手机,1,把玩了几天，总体感觉还不错。按键操作灵活。通话稳定，声音清晰。mp3和视频播放都很流畅自然，屏幕显示清新亮丽，效果令人满意。使用T9输入法，发短信时十分方便快捷。还有就是连接数据线就可以当Ｕ盘使用。,online_shopping_10_cats.csv
R0836,平板,1,音效还行 照相有点渣 送了一个膜 还没贴 物流很快,online_shopping_10_cats.csv
R0837,水果,1,以前从来不写评论，现在觉得好不划算，因为写评论，可以给正在考虑想买的人一个参考，而且自己又有京东拿，这叫一举两得啊！很好的苹果。,online_shopping_10_cats.csv
R0838,水果,0,这哪是华圣苹果，太软了。没一点口感，    吃的还是去自己信得过的地方买吧。,online_shopping_10_cats.csv
R0839,书籍,1,这本书有它的局限，因为国情不同背景各异，而且作者也不能完全称之为育儿专家，很多还是自身经验之谈，不够科学严谨的论证。但是对于一般父母来说，它还是能够起到启发指引甚至启蒙的作用。尤其是中国目前的很多家长，由于自己小时候家庭教育就比较缺失，因而在自己要担负起家庭教育的重责时无从下手或默不在乎，这本书会告诉家长，爱孩子 重视孩子 教育孩子是每个父母天赋并必须履行好的权利和义务。,online_shopping_10_cats.csv
R0840,酒店,0,酒店人气不足，比较旧，免费早餐不好意思再提啥要求了总之很单调乏味，其他酒店方面还ok，今后还会去住。,online_shopping_10_cats.csv
R0841,酒店,1,酒店位置很好，去火车站、机场、逛街都比较方便。设施什么的也很好。在这个位置这样的价格真是银不错了。如果不是正好有个工地在边上，应该会十会清静。服务员的态度也挺好，只是结账的时候因为不知是谁在服务指南内页上用原珠笔划了不到2厘米的一条线，查房的服务员反应十分过度的不让结账，说要赔偿，虽然最后经过交涉没有赔款，不过心里十分之不爽，下次入住前如不是要把房间检查个底朝天谁敢住进去。希望这次的经历也使酒店执行制度不会再过度僵化。除开这点不愉快，其实还是值得推荐的。,online_shopping_10_cats.csv
R0842,酒店,0,汇东大酒店：1、商务单间和普通单间可以说基本没有区别（就房间大小和配套），主要的区别就是楼层，商务的一般安排最上面几层，建议大家选择普通单入住；2、房间的灯光特别暗，感觉给人有点压抑；3、房间的装修比较差，应该是我住过的四星酒店中最差的（但没办法,online_shopping_10_cats.csv
R0843,衣服,1,买回来，质量很不错，谢谢热情的卖家，感谢他提供这么好的 裤子，谢谢，五分肯定的,online_shopping_10_cats.csv
R0844,平板,0,卡的要命，你那些好评是咋刷出来的那，那些给好评的人是不是收了什么好处啊，昧着良心说话啊，卡的要命大家千万别再上当了！！！,online_shopping_10_cats.csv
R0845,蒙牛,0,蒙牛是有多黑心。。。蒙牛又沦陷了,online_shopping_10_cats.csv
R0846,平板,0,不怎么好 相机里有个转换摄像头 的动不动就消失了 就得重置 好麻烦 而且 动不动就没 现在重置也不出来 有问题 差评,online_shopping_10_cats.csv
R0847,水果,1,绝对好吃，而且价格划算，比去水果店的实惠,online_shopping_10_cats.csv
R0848,酒店,0,比起其它的汉庭这家的房间特别小，内部物品的摆放因而很勉强很别扭，住起来不太方便。但据服务人员说由于这家的地理位置好价格还比别家高了近100块钱。地理位置方面其实也没有觉得特别好，在陕西南路下地铁以后还要步行15分钟的样子，如果行李多这段距离其实真的不短！总体来说性价比不太让人满意。,online_shopping_10_cats.csv
R0849,计算机,0,1.硬盘速度太慢 2.整机性能一般，多开几个QQ，再开视频就卡的厉害 3.触摸屏下的按键很硬，使用很不方便 4.发热厉害，机子底部明显发烫 5.散热风扇声音比较大，特别是晚上安静的时候明显,online_shopping_10_cats.csv
R0850,热水器,1,包装完好，安装上后使用方便，随时有热水用，热水瓶退休了，有一点可以改进下，墙上放莲蓬头的卡座把莲蓬头固定高了，水打开放得远了点，美的售后服务不错，打电话就来了，先来看位置差些什么材料，材料收了150，热水器不错，方便了生活,online_shopping_10_cats.csv
R0851,计算机,1,赶上店庆，赠了礼物，本子质量不错，安装很顺利。平常办公用用VISTA也很方便。,online_shopping_10_cats.csv
R0852,水果,1,快递速度快！！送货员服务态度好！！水果也可以！新鲜！！！下次再买！！值得赞！！.,online_shopping_10_cats.csv
R0853,洗发水,0,商品与网站介绍（提供的图片）不符。很失落。,online_shopping_10_cats.csv
R0854,计算机,0,"触摸板太小不好用,6芯电池太大太重而且笔记本就不能平放了(所以还准备买个3芯电池),镜面屏幕反光,vista不是business版,无赠品.中通快递太低端了,太慢,建议不要省邮费.",online_shopping_10_cats.csv
R0855,洗发水,1,好用好用好用好用好用的不得了，还会继续回够的，不错,online_shopping_10_cats.csv
R0856,洗发水,0,用了起头皮 从来都不这样,online_shopping_10_cats.csv
R0857,水果,0,一般吧，买的时候说当天下午到，结果下午到派送公司第二天早上才给送，味道也一般,online_shopping_10_cats.csv
R0858,酒店,0,"酒店在桂林站正对面,出站就能看见,适合第一次到桂林的人.那晚我八点四十左右到的酒店,总台一字排开有六人,其中三人问了下好.但都没问我是否需要入住.可能生意太好的原因,让来的人觉得爱住不住.终于有人为我办理了入住.房间是一如概往的小,厕所的地上居然就有二根长头发,喝水杯底部的灰洗都洗不掉,给我感觉相当不好.遥控器也是坏的,根本不能遥控.换了电池后也只能坐在电视跟前才能勉强调换频道.真要晕死.早餐的品种少得可怜,而且超级难吃,还不如就在酒店后巷吃碗米粉来得舒服.看着房间的评选微笑服务人员的东西,才真的觉得好笑.可能是我运气太好,从头到尾没有一个人笑过.所以不评也罢.",online_shopping_10_cats.csv
R0859,水果,0,"难吃，价格贵。,非常上当",online_shopping_10_cats.csv
R0860,酒店,1,"其实我很喜欢大宗酒店的欧洲式设计,外观和内观也很美,这次已经是第2次入住,感觉也是很不错,服务员很有礼貌,如果价钱上可以提供多点选择更好,因为我记得那次入住是840多元,含早,这次是750,不含早,价钱其实不是差太远,但我比较喜欢那次入住的房间,如果可以提供不同价钱的房间选择就好了,还有被子只有羽绒被,我比较喜欢棉被,羽绒被太热了..哈,我相信我下次也会入住,谢谢",online_shopping_10_cats.csv
R0861,衣服,0,垃圾，小号标上加大号欺骗消费者，第三方就是垃圾！建议不要在网上买衣服,online_shopping_10_cats.csv
R0862,水果,1,看苹果自己带盐的，就是牌子大了一点，吃上去不甜，有几个不是很好的，坏的不多就算了不退了，但是真的不能给满分的好评，就是价格还可以,online_shopping_10_cats.csv
R0863,手机,0,本人三天前就冲着三菱的拍照手机不错(网上吹的)，买了一部三菱 M900 手机，刚开始使用拍照功能，在本机看到效果还不错，可传到电脑后看到相片全都是模糊不清(跟三十万差不多)，以为没调试好拍照设置，又按照说明书的方式操作，没想效果还是完全一样，真把我气的半死。,online_shopping_10_cats.csv
R0864,洗发水,1,沙宣，专业洗头发的，一家人都在用，一下半年都够了,online_shopping_10_cats.csv
R0865,计算机,1,续航能力强！ 外形也不错，十分轻便 运行速度较我以前看过的大部分品牌上网本都要快,online_shopping_10_cats.csv
R0866,洗发水,1,帮别人买的，很喜欢，一直用沙宣，发膜很棒哦……,online_shopping_10_cats.csv
R0867,洗发水,0,买你们那么多东西，专员就给我这答复，怎么还能不让加入购物车？？,online_shopping_10_cats.csv
R0868,衣服,1,裤子可以，一摸就知道质量，不错不错，下次还会来,online_shopping_10_cats.csv
R0869,衣服,1,一直喜欢班尼路纯色T这个系列，纯棉材质非常舒服，一直当打底穿，夏天也可以直接穿，简洁大方。,online_shopping_10_cats.csv
R0870,平板,1,价格合适，使用起来没有什么特别不满意的地方。但是有一个缺点是，总会自动锁屏，不知是不是操作不当的问题,online_shopping_10_cats.csv
R0871,平板,0,送来打开耳机都没有 空的耳机盒盒 真的是醉了,online_shopping_10_cats.csv
R0872,衣服,0,售后太差，我退了两件给一件，这几个意思？,online_shopping_10_cats.csv
R0873,衣服,1,店家的服务态度好，发货很快，裤子的质量更是没话说，很不错,online_shopping_10_cats.csv
R0874,衣服,0,没佣金也没礼品！差评！,online_shopping_10_cats.csv
R0875,水果,0,火龙果一波三折！先是缺件第一盒上午给我送过来我后来一看订单不对啊拍了两件只给我送了一件找快递员他说回去查查，最后到了晚上才给我送来另一盒,online_shopping_10_cats.csv
R0876,洗发水,1,感觉超值，一直用这个品牌的货。不错、不错。还会支持的,online_shopping_10_cats.csv
R0877,洗发水,0,这洗发露太假了，洗过后头发那么粗,online_shopping_10_cats.csv
R0878,平板,0,说给发票，没收到发票还说已经发了，死无对证，怪我咯。京东又不是第一次不给发票，认栽咯，下次还来京东买，毕竟人家已经是最好的，我也只能犯贱！,online_shopping_10_cats.csv
R0879,水果,1,满意满意，真心满意，京东一定要保持服务和质量，永远支持呢……,online_shopping_10_cats.csv
R0880,计算机,0,"第三天就坏了.因为出差我在第15天(27号)拿到宏基维修中心检测报告后.当天发货上海京东.到今7月1.已过去5天.没有一点信息.我每天都花很长时间打电话给客服.得到的只是""我们会帮你催一下""",online_shopping_10_cats.csv
R0881,水果,0,真的超级差！之前经常在京东上买东西一直觉得京东还不错，这是第一次买水果，结果，买了三个烂了两个！！我是10号晚上接近12点的时候下的单，12号中午就收到了，物流确实没话说，但请问！从东西出库到我拿到手里，只有一天半的时间，就已经坏成这样了，那质检员在配货的时候是瞎了吗！是看不到水果已经不新鲜了吗！我不得不怀疑在配货的时候配货员视而不见水果的不新鲜，依然把到达客服手里就烂的水果卖给了客户，如果京东的服务态度是这个样子的话，我觉得也就走到这儿了,online_shopping_10_cats.csv
R0882,蒙牛,1,我觉得吃冰淇淋比吃饭重要多了，中午的那个夏达的巧克力冰淇淋真心好吃，下午的那个蒙牛的巧克力冰棒也不错，明天再换冰淇淋蛋糕吧，怎么办都好想吃，快点拦着我我在:http:t.cn/zjWwSRr,online_shopping_10_cats.csv
R0883,衣服,1,很好。很实惠。价格低。服务不错,online_shopping_10_cats.csv
R0884,平板,0,"另外一款手机，购买半年了，发票都没开出，说是第三方卖的，由第三方开；第三方让找京东客服，让京东开。还让提交他们的仲裁，RMD,一下午几个小时就是为这张烂发票，浪费的时间你阿妈哪个GRD来赔钱给我啊。",online_shopping_10_cats.csv
R0885,酒店,0,非常失望，定了一周第二天就换了酒店，是个康体中心，房间设施最多也就是个2星的标准，却要498。真是奇怪，携程还有这样的酒店。晚上9点到酒店，黑乎乎的一片，以为是出租车把我送错了地方。,online_shopping_10_cats.csv
R0886,手机,0,"塑料壳子易坏(本人的已坏:)电池待机时间从没有超过1天在购买半年后待机时间别想超过半天没有红外就算了数据传输到现在实验过3太电脑就没有一次成功的总说""确认连接""哎放弃ING~",online_shopping_10_cats.csv
R0887,洗发水,0,这个一点也不好用，用了之后头发很干燥，已经丢了,online_shopping_10_cats.csv
R0888,水果,0,说真的 一星都不想给 还浪费流量 说话还这么硬气,online_shopping_10_cats.csv
R0889,酒店,1,地理位置很好，离公司相当的近。每次珠海的老总过来都指定该酒店。,online_shopping_10_cats.csv
R0890,计算机,1,1.虽然小，但是我这个大手用起来还行，键盘的手感可以媲美IBM了。 2.电池真的很猛，做工非常棒，发热控制得也非常好。,online_shopping_10_cats.csv
R0891,衣服,1,货收到了，看着衣服质量还不错！,online_shopping_10_cats.csv
R0892,平板,0,无线卡的要死，信号满格，微信都刷不多，都是……B／s,online_shopping_10_cats.csv
R0893,衣服,0,犹如买了一件加厚雨衣特暖和 ,online_shopping_10_cats.csv
R0894,蒙牛,1,1元能吃根蒙牛小布丁，只要你不怕.,online_shopping_10_cats.csv
R0895,水果,1,第二次在京东买苹果 这次没太大问题 只是个别苹果有那么一点点压痕 但不影响,online_shopping_10_cats.csv
R0896,酒店,0,酒店设施比较老旧…在机场附近的原因价格偏贵…性价比不高…,online_shopping_10_cats.csv
R0897,平板,0,我只能说，这个平板太不好了，真后悔买，不如买小米的，屏幕不灵，点好几回都点不到该点的地方，大家千万不要买，坑啊,online_shopping_10_cats.csv
R0898,平板,0,谁用谁知道！真不怎么样！详细的说缺点真的不少。买的慎重吧！快递很不错！,online_shopping_10_cats.csv
R0899,洗发水,0,为什么大瓶的没有生产日期,online_shopping_10_cats.csv
R0900,平板,1,在用中，手机挺好的，,online_shopping_10_cats.csv
R0901,计算机,1,相比1000H，电池不突出。 待机时间更长。 上网本的基本功能都有了。,online_shopping_10_cats.csv
R0902,衣服,1,大小合适，颜色也很正，可以可以！,online_shopping_10_cats.csv
R0903,水果,0,质量非常差，都不新鲜了，而且个头特别小，放到第二天有一个就烂了,online_shopping_10_cats.csv
R0904,水果,1,手感冷冰冰的，除了小点好像没问题，蛮好的,online_shopping_10_cats.csv
R0905,平板,1,还可以吧！反应速度还是蛮快的,online_shopping_10_cats.csv
R0906,手机,0,"正因为有如上那么多的优点,我不顾网上有那么多不好的评价之下,抱着侥幸的心态还是买了这款手机,10月1日买的,10月2日在一次和电脑的连接之后就莫名其妙的死机了,再重新启动后手机从此不发出声音了,打也打不通了,通了之后只有糟杂的声音,哎,还好在7天的退货期内,最后只有无奈的选择了退货!伤心啊!而且退货也是件非常麻烦的事情,郁闷中~~~~~~~~~",online_shopping_10_cats.csv
R0907,书籍,0,看来买盗版是要碰运气的，十张前四张不错，第五张不能看，还有四张图像不错，一上来也有声音，可是后面全没有声音了，呵呵。,online_shopping_10_cats.csv
R0908,洗发水,0,我觉得这回买的和上回不一样，有图证明，我觉得这回不是真品，连生产许可标都没有，这次购物很失望不能贪便宜了,online_shopping_10_cats.csv
R0909,酒店,0,酒店设施一般，服务也不怎么样,online_shopping_10_cats.csv
R0910,平板,0,皮套，耳机，膜，等等，，，，什么都没有送，就一个充电器，每次回家都要重新开关平板上的WF，才能连接上，不能自动连接，，音质可以，声音大,online_shopping_10_cats.csv
R0911,洗发水,1,一直用的沙宣，都不想换别的，前两天刚买了一套，这次搞活动又来一套，支持沙宣支持品牌。一次在京东上买了五样，这个是最快的一个，快递小哥服务也好，送货到门口，态度也好?支持京东^ω^,online_shopping_10_cats.csv
R0912,衣服,1,还行，挺好的，挺薄的，有点透。,online_shopping_10_cats.csv
R0913,洗发水,0,京东快递真是素质低下，居然想利用订单拆分不给我快递！！！我的一个快递因为缺货所以两个快递被拆分成了两个订单来发，我当时不知道，去拿东西的时候发现一个没有就问快递员(我的东西找人代收的)，他连订单号都没问，只问了什么东西就一口咬定说送了，让我找了半天，还以为被别人拿走了，结果回去看订单发现下的一个单分成了两个订单，有一个还在从供应商进货，我就又问快递员他还一口咬定说送了，我把订单号给他，他说查不到，最后才说快递太多可能就是没送，一直是我在联系他，如果不是我一直催问估计最后他自己把订单改成已收货就不给我了。唉，我的东西又值钱，京东快递也真是够了。单号都不问就说送了最后说太多记不住，早干嘛了！！！,online_shopping_10_cats.csv
R0914,酒店,0,房间比较脏，尤其是地毯，像80年代的东西。最令人难以忍受的是早餐，由于有旅行团，人比较多，而酒店也不加强管理，自助早餐就像抢早餐，因为不抢的话盘子就空了。哈哈！我很多年没见过这阵势了。,online_shopping_10_cats.csv
R0915,酒店,1,"该酒店位置佳,在市中心,出行超方便,楼下有班车直达机场,豪商房间配液晶电视感觉很好,并有电脑免费上网非常周到,一楼佳宁娜餐厅出品有保证,套餐二十多块,总体满意",online_shopping_10_cats.csv
R0916,酒店,1,经常入住的酒店，服务和设施都很理想，还会再去,online_shopping_10_cats.csv
R0917,手机,1,1.外屏256色，内屏面积很大，显示效果出色； 2.支持FM收音、一键上网，还支持最新的EMS5.0功能； 3.电话簿储存量大； 4.铃声效果不错，还专为短消息配置10首铃声； 5.支持关机闹钟。2000元左右的代价就能得到彩色屏幕、GPRS、多媒体信息以及蓝牙功能，再多掏一点就有外置摄像头可玩，夫复何求？,online_shopping_10_cats.csv
R0918,热水器,1,还可以吧 帮别人买的 没看到实物,online_shopping_10_cats.csv
R0919,平板,1,这是 推荐我家人购买的 是我第二次购买了 满足你对平板的需求 满足你对游戏的需求。。。M3 值得购买.....,online_shopping_10_cats.csv
R0920,水果,1,"苹果还是蛮甜的,也比较新鲜.就是苹果偏小,其它都蛮满意的.凑单做活动时买的,有需要再来.",online_shopping_10_cats.csv
R0921,水果,0,个头太小了，还没一个正的，都歪歪扭扭的，苹果还是去超市买吧,online_shopping_10_cats.csv
R0922,衣服,0,太坑人了，尺码偏大，卖家不给换，气死我了！差评差评差评！！！！,online_shopping_10_cats.csv
R0923,衣服,0,号太小了，同样29这个根本穿不下,online_shopping_10_cats.csv
R0924,酒店,1,环境交通都不错，房间也可以，下次还会再来,online_shopping_10_cats.csv
R0925,平板,1,“情撼九天 一剑诛仙” ，华为M3诛仙定制版，大爱啊。昨晚下单早上送到 京东物流超快。第一时间体验 抢晚了还得预定 哈哈哈。开心。PS：诛仙手办萌萌哒！,online_shopping_10_cats.csv
R0926,书籍,0,我读茨威格的小说，常叹服作家对人物心里剖析的细腻与深刻。主人公内心的痛苦，情感的波澜，深深地打动着我。余华的《活着》在结构上跟茨威格的小说相似，可读后没啥感觉——尽管有那么多的的读者把它捧上了天。细细一想，我的“没感觉”有如下几点理由：1.写得太虚。作者企图把近半个世纪中国百姓的苦难让福贵一个人承担，于是便设计富贵身边的亲人一个一个的死去——我觉得这样省了作者的事儿，但手法太天真，像瞎编的三流故事。读到一半时，感觉作者怎么这样简单安排人的命啊！说死就死？后来我干脆就猜——很不自信地猜，福贵身边的亲人要一个个死去吗——看完全书，不幸言中！死，就能引起读者的感动或是共鸣？不见得。再说茨威格的小说。茨威格的小说中，人物的痛苦或不幸，是通过作家对主人公内心世界细腻深刻的的描述来表现的，决非一死了之。如《无形的压力》、《看不见的珍藏》、《象棋的故事》等，没有死亡，但又是何等的动人心魄！还有就是细节的虚假——是那种不合常理的虚假，大炼钢铁是荒唐的，可是硬把废铁放在水里煮就算是作者的独出心裁了，而作品细节的虚假会使我从心理上排斥它。卡夫卡的《变形记》故事荒诞，细节却是真实的，它的生命力就是茂盛的，让人百读不厌。2.写得太粗。近半个世纪，在中国大地上发生的大事，小说中面面俱到，作者好像很想使作品显出大气魄，但我通读全文，总有一种在油灯下听老婆婆粗粗地絮叨瞎编的故事的感觉。缺少对人物内心世界的剖析与挖掘，地摊上的《故事会》就在絮叨这些事。我大胆的设想，如果是现在写这些东西，恐怕中国加入WTO、汶川地震、百年奥运这些大事件会有所反映——也说不定的。3.巴金冰心老人的作品恐怕不只在中国大陆出版吧，但我至今也没见到二老在其作品前写那么多版本的的序言，作品摆在那儿呢，还说什么呢？,online_shopping_10_cats.csv
R0927,洗发水,0,刚刚逛了大超市，这3瓶总价*。网上店铺图片上标识*现在买*。分明是欺骗消费者。下次再也不会买它家的产品了。,online_shopping_10_cats.csv
R0928,洗发水,0,太坑了，还没收到就降价,online_shopping_10_cats.csv
R0929,洗发水,0,假的，不好用，头皮痒的要命。。。,online_shopping_10_cats.csv
R0930,衣服,1,货已收到，包装很精致，可惜让我小侄子儿几下撕坏了，没来的及拍照!质量很好，非常满意,online_shopping_10_cats.csv
R0931,平板,1,正在使用，等待几天再评价,online_shopping_10_cats.csv
R0932,书籍,0,不知道什么原因这本书能这么火。说了这么几件事：幸福是可以传染的。要世俗一些。要做一个不讨厌的自私的人。要有高尚的品味。不要沉溺于不幸之中。要不断充实自己。要学会理财。,online_shopping_10_cats.csv
R0933,手机,0,开始买的时候宣传单上说的是30万像素摄象头，买了拍的也满清晰，可老是死机。拿去换了一个，嘿，30变成了10万。效果差的不说了，死机现象也没怎么改善。还有就是，电池只有一块，还要自己去配一块，还不如加点money去买个真正30W象素的呢。,online_shopping_10_cats.csv
R0934,平板,1,挺好用，一本书大小适合外出携带，只是包装里没有操作说明，让我这个第一次用平板的人上网查了好半天怎么才弄明白怎样才能退出当前应用程序。,online_shopping_10_cats.csv
R0935,手机,1,一：沉稳的黑色机身，银色边框，有一种说不出的神秘感。二：手感不错，胶质外壳，温润贴手。按键较大，布局合理，既使边角键，也易操作无误。三：声音性能突出，既使免提接听，音量和音质都比较出色。支持MP3、MEPG4。扬声器的三维环绕音效、内置震动器、彩灯随节奏闪烁，营造出了享受音乐的氛围。在“摩托混吧”，还有集下载、编辑、创作的开放式平台，可满足音乐迷的不同需求。四：带补光并可变焦调节的30万像素相机。五：TFT屏幕色彩饱满鲜亮，对比度也较高。六：时尚的娱乐功能全面：彩信收发、蓝牙、K-Java下载、移动QQ。七：内置多种主题和面板风格。八：附送64MB SD Trans-Flash闪存卡，便于存储。,online_shopping_10_cats.csv
R0936,平板,0,玩一下就发热严重，经常不操作别的也发热，后悔购买了。,online_shopping_10_cats.csv
R0937,酒店,1,又一次来到东胜海天酒店，比第一次的感觉更温馨，更舒适，嗯，很不错。,online_shopping_10_cats.csv
R0938,书籍,1,本来是冲着那个一人一万元去买这本书的很想知道会是什么内容的书会让大家哪么感动并想把他排成电影看完之后也的确是感触非常虽然觉得那个笑着活下去的续其实没有必要去写但是既然大家哪么捧场还是说明了 在战后那个年代坚持 信念还有乐观的心情是多么的重要简单的生活确有滋有味我相信 如果我是这位阿妈养大的哪么也觉得会是个问心无愧的人所以 是本好书,online_shopping_10_cats.csv
R0939,计算机,0,边框太大，体积比普通上网本大了点也重了点但在可接受范围之内。非专业人员LINUX换XP 有点麻烦,online_shopping_10_cats.csv
R0940,水果,0,不脆，粉的，不新鲜，上当了，不会再买。,online_shopping_10_cats.csv
R0941,书籍,0,在电视上还挺喜欢于丹，买了书发现，不差，就是觉得有点不值。内容少得很。,online_shopping_10_cats.csv
R0942,洗发水,0,太假了，洗了之后好多头皮屑,online_shopping_10_cats.csv
R0943,水果,0,太小了，价格还很贵，真不是很合理，这种苹果线下就2块钱的料，弄到线上就这么贵，真是骗人,online_shopping_10_cats.csv
R0944,酒店,1,因为“五一”期间宜昌的房比较紧，只订到了贵宾房。酒店位置还算可以。离火车站和夷陵广场不算远，行李不多的话，从火车站走路或者坐几站公交车到长江医院下车就到了。能看出酒店比较老了（89年开业），卫生间的地面上有擦不掉的霉斑，卫生间外面的墙壁上也有水浸泡的痕迹，而且毛巾、电梯等（电梯里没有看到检验证）也比较旧。而且是中央空调，不能自己调节温度，当把风量改成弱的时候噪音大了些。不过服务业有个特点，就是优秀的服务能弥补硬件的不足，而反过来却不行，平湖大酒店的服务就不错，和我之后在武汉住的欧美经典（2007年开业）形成鲜明对比。入住的时候前台有群客人在询问房间，酒店已经没有房了，幸亏是提前通过携程订好了房间。入住手续很快办好了，在房间里发现有一封以自己姓名为抬头的欢迎信，头一个感觉就不错。向客房部要网线，服务员很快就送过来了，而且回答问题也很有礼貌、对当时不知道的问题随后也补充回答了。自助早餐品种挺丰富，对早餐是非常满意。不过同时用餐的客人的素质实在不敢恭维，离店那天用早餐时，不知道是哪个团的客人（后来发现也同乘早上去汉口的火车），大呼小叫，还有人竟然用自己的筷子（而不是公用的夹子）把菜从自选餐盘里夹起来直接就往嘴里送！什么素质啊！再饿也不至于这样吧？别人还怎么吃啊？可惜入住的时候一楼的Rio Grande墨西哥餐厅正在装修，要不还真想品尝一下宜昌做的墨西哥菜。前台的服务态度虽然不能说非常热情，但是速度是一流的，不管是入住、延住、换钱还是退房，办理得都很快。仅就硬件来讲，280元/夜的房价我觉得不是很值，但这里的服务是够得上三星级水平的，280元不算亏。,online_shopping_10_cats.csv
R0945,酒店,0,酒店设施很旧，环境差差，就是在机场旁，坐飞机很方便。,online_shopping_10_cats.csv
R0946,衣服,0,别的都好。就是尺码不对,online_shopping_10_cats.csv
R0947,水果,1,超出预期的满意，苹果又大又甜，水份还很多，并且特别酥脆，宝宝很喜欢吃，快递也很快，2点多买的，7点多就到了，不是我本人开门拿的，快递小哥还特意发个信息提醒我，真是贴心,online_shopping_10_cats.csv
R0948,酒店,0,房间中规中矩。。。卫生间和床之间稍显狭小。。。前台某个接待小姐态度极其消极。。。我到前台结帐的时候，她不知在整理什么。。。我在她面前站了两分钟。。。忽然有人插队进来。。。这位小姐居然给插队的人先办手续。。而后继续整理。。还叫我等会。。。我就奇怪这种人怎么居然没有被辞退。。,online_shopping_10_cats.csv
R0949,洗发水,1,滋源生姜洗发水，包装完美，多次购买此款家人非常喜欢，京东配送非常快，快递小哥给力。,online_shopping_10_cats.csv
R0950,蒙牛,1,#蒙牛纯牛奶# 新包装感觉还不错。,online_shopping_10_cats.csv
R0951,计算机,1,"1.配置比其他上网本升级,感觉不错 2.键盘比较舒服,和SONY的一样为巧克力式 3.电池直角转弯设计的,这样不会突出来了,暂时试用,就一点点电,看显示说可以用2个小时,,,确切的时间等用过再说",online_shopping_10_cats.csv
R0952,平板,1,没有保护套和贴膜，这个遗憾,online_shopping_10_cats.csv
R0953,洗发水,0,唉 假的 希望大家也别买了 起头皮屑， 便宜没好货，最真实的，洗后感言，咱先别说多少钱，做为一个生意人，讲的就是货真价实，我给你的钱 是冥币了还是咋的,online_shopping_10_cats.csv
R0954,洗发水,0,不知道是真货还是假货,online_shopping_10_cats.csv
R0955,洗发水,0,都漏出来了，这包装真行。,online_shopping_10_cats.csv
R0956,水果,1,苹果还不错吧！也没有坏，只能感觉还可以吧！已经吃到剩下一个了……,online_shopping_10_cats.csv
R0957,衣服,1,非常满意喔。物流超级快，下单一天就到了，质量超级不错，老公穿着特别帅，大小尺寸都很适合，颜色也很耐脏，喜欢的亲们都可以赶紧购买了喔,online_shopping_10_cats.csv
R0958,计算机,0,"样子不太商务,塑料感较强,屏幕较小,没有送鼠标,我自有2000-50的东券不爽,其他都OK",online_shopping_10_cats.csv
R0959,衣服,1,颜色也很好，穿起比较舒适，夏秋天都可以,online_shopping_10_cats.csv
R0960,平板,1,东西可以，买之前看了很多评论，在这个和mi3之间犹豫好久，最后买了这个，看视频很爽，没感觉拖影,online_shopping_10_cats.csv
R0961,平板,0,差差差真卡渣渣品牌以后在也不相信大品牌了坑是了,online_shopping_10_cats.csv
R0962,酒店,0,房间小，600多居然没有窗户，前台女服务员态度恶劣。,online_shopping_10_cats.csv
R0963,手机,1,刚刚托朋友搞了一台8390，是国内SED贴牌的，但配置和台湾和港版的有所不同，两电两冲，双头耳机，最为关键的是完全支持简体中文。屏幕的显示质量，可以用无懈可击来表达，无论是色彩还是清晰度均无可挑剔，其次是手机的整体做工，决不输给韩日机器，在接缝等细节部分处理得都不错，MIO越来越有大家风范了，最后需要说的是价格，目前港版的价格约在3000左右，行货也只要3700（我拿的是3700，据说市场上要4000多），如果按3700在这个价格说，应该是物超所值了，总比一些所谓的摄像手机、商务手机要好的多，何况它是一部可以可以RIY的MS Smartphone啊！,online_shopping_10_cats.csv
R0964,水果,0,苹果真差，跟图片完全不符，质量一看就不是甜的，不红，共12个还有4个坏果，郁闷，一星都不想给,online_shopping_10_cats.csv
R0965,热水器,1,确认晚了，还没安装，等售后装好后再来追评。,online_shopping_10_cats.csv
R0966,洗发水,0,说好的赠品不给！缺乏诚信！,online_shopping_10_cats.csv
R0967,洗发水,0,为什么我洗完头发干枯,online_shopping_10_cats.csv
R0968,衣服,0,明明买的是31码，穿起来像33码，难看死了，不修身，码数不标准，差评,online_shopping_10_cats.csv
R0969,衣服,0,不好看，一点都不好,online_shopping_10_cats.csv
R0970,衣服,1,宝贝收到了已经是第二次买了因为真的好哦，料子还是很舒服这次送给弟弟弟弟喜欢尺码也是准的物流挺快的喜欢哦,online_shopping_10_cats.csv
R0971,酒店,0,为了赶早班的飞机，前面一天晚上住过去的，酒店的卫生条件实在让人难以忍受，地毯非常的肮脏，都是灰尘和头发，感觉很长时间没有打扰了，天花板都是蜘蛛网，以后不会再住了。,online_shopping_10_cats.csv
R0972,洗发水,0,假货，洗完头皮屑特别多，头皮痒的厉害，真心坑死了，郁闷,online_shopping_10_cats.csv
R0973,蒙牛,0,怎么说都得啦，反正我不喝北方常温奶 蒙牛伊利没有任何毛病，那之前有毛病的只能是消费者了。,online_shopping_10_cats.csv
R0974,平板,1,帮朋友选的，她比较喜欢，回复说用着还不错。,online_shopping_10_cats.csv
R0975,酒店,0,这家酒店是我在携程定的酒店里面是最差的，房间设施太小气，环境也不好，特别是我住的那天先是第一晚停了一会儿电，第二天停水，没法洗嗽，就连厕所也没法上，糟糕头顶。服务还可以。,online_shopping_10_cats.csv
R0976,平板,1,信号非常好，不错，接收很快，外观也可以，大赞?,online_shopping_10_cats.csv
R0977,衣服,0,商品发货时间太慢，过了好几天物流信息还是没有变化，查询货运单号竟然显示没有该单号。后来和京东客服联系才知道商家一直没有发货，真是坑。,online_shopping_10_cats.csv
R0978,水果,1,物流非常快，苹果包装的也很整齐，果子不大，但是又甜又脆，还很有水分，挺好吃的。,online_shopping_10_cats.csv
R0979,洗发水,1,很实惠啊，大大小小这么多瓶。,online_shopping_10_cats.csv
R0980,平板,1,不错。花了一手机的价钱，买了一个比手机屏大几倍的平板。而且还有护眼功能。对于在信息时代无法离开手机的孩子们来说，假期里最好的陪伴无疑是它了。不是过于大的游戏都十分流畅。玩q q 更是爽的不行。配上32g 的内存卡，一般的应用足以应付。分辨率略低，毕竟价钱有限，不算缺点。顺便提一下快递很是不错，，下单后48小时内收货。,online_shopping_10_cats.csv
R0981,洗发水,1,很实惠，比超市买的便宜得多，包装完整，送货速度快，非常感谢?,online_shopping_10_cats.csv
R0982,酒店,0,Wifi上不了，网线也不行。,online_shopping_10_cats.csv
R0983,水果,0,很难吃，不甜，酸的很！包装差的要死，边上都碰坏了！,online_shopping_10_cats.csv
R0984,书籍,1,希望作者出版更多的系列，如《恐龙是怎样穿衣服的？》、《恐龙是怎样上幼儿园的？》、《恐龙是怎样外出的？》.......以便给孩子们更多的建议。,online_shopping_10_cats.csv
R0985,酒店,0,各方面都很一般，象个小旅店，也没什么太出格缺陷，价格略贵啊。,online_shopping_10_cats.csv
R0986,洗发水,0,京东怎么现在送货好慢,online_shopping_10_cats.csv
R0987,水果,0,柚子又酸又苦，没法吃，要求退货！,online_shopping_10_cats.csv
R0988,平板,1,东西不错，大一点的手机的感觉。,online_shopping_10_cats.csv
R0989,水果,0,苹果不新鲜。。。不新鲜，不新鲜。昨天下午吃了一个肚子难受了一下午,online_shopping_10_cats.csv
R0990,平板,0,平板质量不好，买的第二天压了一下屏就碎成这样了。,online_shopping_10_cats.csv
R0991,酒店,1,酒店位置很好，是开发区的标志性建筑。前台服务很快，早餐也过得去。房间不错。唯一是电梯慢。,online_shopping_10_cats.csv
R0992,蒙牛,0,我的蒙牛酸酸乳那@纠结的大鼻涕泡儿,online_shopping_10_cats.csv
R0993,水果,0,不甜，酸的，口感不好，不如实体店买的好吃。,online_shopping_10_cats.csv
R0994,计算机,1,外观很漂亮，自代的VISTA也不错，这个机器评分能到3.8很好。平时办公足够用。,online_shopping_10_cats.csv
R0995,衣服,0,与图片不符，不是黑色，图片是假的一颗星都不想给,online_shopping_10_cats.csv
R0996,酒店,1,"交通可以,周边环境一般.服务还行.但感觉楼道和电梯之间的布局不合理!!不过按照张家界的地理特征结合酒店价格看,还是比较值得一住的",online_shopping_10_cats.csv
R0997,水果,1,京东一直是我可以信赖的商城，方便又实惠,online_shopping_10_cats.csv
R0998,平板,0,反应慢，容易卡机，客服不是很用心，需提高素质,online_shopping_10_cats.csv
R0999,水果,0,不好！水果大小不一！而且还不一样！有的皮厚！最大的也到不了75最小的可能只有65多点！不像商家描述的全是75果经,online_shopping_10_cats.csv
R1000,水果,1,味道还行，个也不小，包装挺好，很新鲜的水果,online_shopping_10_cats.csv
